id,name,price,rating,form_factor,noise_cancelling,battery_hours,weight_g,source_title,source_features,source_details,check_ok,ram_gb,storage_gb,screen_in,weight_lb,capacity_cups,programmable,thermal_carafe,brew_strength_control
hp-001,TOZO A1 Mini Wireless Earbuds,15.29,4.3,in_ear,False,5.5,3.7,"TOZO A1 Mini Wireless Earbuds Bluetooth 5.3 in Ear Light-Weight Headphones Built-in Microphone, IPX5 Waterproof, Immersive Premium Sound Long Distance Connection Headset with Charging Case, Black","[Ultra Lightweight and Compatible for Small Ear] The surface and Angle of A1 earbuds in-ear part have been polished and refined repeatedly to achieve a balance between beauty and comfort and make it comfortable to wear. Likewise, a single earbud weighs only 3.7g, making it as light as a feather and discreet in the ear. Ergonomic design provides a comfortable and secure fit that doesn’t protrude from your ears especially for sports, workout, gym. | [Stereo Sound Quality] TOZO A1 earbuds’6mm diameter speaker presents a powerful and wide sound range, which makes the treble full of dynamics, and the bass powerful.Adopt advanced Bluetooth chip makes the sound played by the earphones much more beautiful and pleasant, suitable for sports or home work | [Smart Touch Control] A1 earbuds supports dual ear touch control, providing convenient operation on volume control, previous/next song, pause and answer calls along as well as voice assistant control. | [Bluetooth 5.3&Long Distance Connection] With Bluetooth 5.3 technology A1 has superior sound quality and strong signal, so that there is no disconnection in listening music or making phone calls within 12 meters. | [Long Battery Life] With headphone 40mAh capacity and charging bin 400mAh capacity. The earbuds lasts 5.5 hours for normal use (60% volume), and the charging bin lasts 22 hours for 3 charges, which gives you excellent experience of long endurance.","{""Product Dimensions"": ""0.88 x 0.85 x 0.85 inches"", ""Item Weight"": ""35.1 Grams"", ""Item model number"": ""A1"", ""Batteries"": ""1 Lithium Metal batteries required. (included)"", ""Best Sellers Rank"": {""Electronics"": 24, ""Earbud & In-Ear Headphones"": 5}, ""Is Discontinued By Manufacturer"": ""No"", ""Date First Available"": ""September 10, 2021"", ""Manufacturer"": ""TOZO"", ""Country of Origin"": ""China"", ""Charging Time"": ""2 H"", ""Units"": ""1 Count"", ""Brand"": ""TOZO"", ""Model Name"": ""A1 Mini"", ""Color"": ""Black"", ""Form Factor"": ""Bean into ear type"", ""Connectivity Technology"": ""Bluetooth""}",,,,,,,,,
hp-002,IKT Wireless Earbuds Bluetooth 5.3,16.57,4.9,in_ear,False,10.0,80.0,"IKT Wireless Earbuds, Bluetooth Headphones 5.3, 60Hrs Playtime USB-C Charging Case, LED Display, ENC Clear Talk, Deep Bass, Comfortable Fit, Over-Ear IPX7 Waterproof Earphones with Earhooks.","60 Hours of Playtime & LED Digital Display: A single wireless earbuds can be used for approximately 10 hours. The charging case with 650mAh battery capacity extends the total operating time to 60 hours. Provides 5 additional charges for the headphones. The charging case has clear numbers to show its remaining charge. | Hi-Fi Audio: IKT headphones wireless bluetooth use a 13.4mm graphene diaphragm. Keeps audio clear and balanced. 43% bass amplification (if bass is not enough, choose the largest ear tips). | ENC Crystal Clear Calling: Wireless headphones with CVC 8.0 wave speed reverse forming and ENC call noise reduction technology. Calls can be made with 90% less external noise, making calls as if face-to-face. | Bluetooth 5.3 & One-step Auto-connect: With advanced bluetooth headphones 5.3 technology, you can get 2x faster transmission speed and more stable connection. Open the lid of the charging case, the Bluetooth headset can automatically connect to the previously paired device, put back the charging case, the headphones will automatically disconnect. | Designed for Sports: Ear buds wireless bluetooth earbuds with 3 pairs (S/M/L) ear caps and soft adjustable silicone ear hooks. The ear hooks have a non-slip end so they won't fall off even during strenuous exercise. | IPX7 Waterproof & Push Button Control: With IPX7 waterproof and rigid seams, these earbuds wireless bluetooth are designed to easily withstand both rain and sweat. The independent button control allows easy access to a variety of functions in addition to reducing the annoyance caused by sensitive touch controls.","{""Product Dimensions"": ""3.31 x 2.36 x 1.38 inches"", ""Item Weight"": ""80 Grams"", ""Item model number"": ""BX30"", ""Batteries"": ""3 Lithium Polymer batteries required."", ""Best Sellers Rank"": {""Electronics"": 252218, ""Over-Ear Headphones"": 5571, ""Earbud & In-Ear Headphones"": 13499}, ""Is Discontinued By Manufacturer"": ""No"", ""Date First Available"": ""March 7, 2023"", ""Manufacturer"": ""IKT"", ""Number Of Items"": ""5"", ""Brand"": ""IKT"", ""Model Name"": ""BX30"", ""Color"": ""Black"", ""Form Factor"": ""Over Ear"", ""Connectivity Technology"": ""Wireless""}",,,,,,,,,
hp-004,Picun B12 Wireless Bluetooth Headphones,16.99,4.4,over_ear,False,20.0,320.5,"Picun B12 Wireless Bluetooth Headphones,HD Stereo Sound Over Ear Headphones with Built-in Microphones, Deep Bass 20 Hours Playtime, Fast Charge Bluetooth 5.2 Headset for Adults, School, Travel, Black","♬【Astonishing Sound Quality】40MM high magnetic NdFeB driver provides Stereo High Definition Sound quality while playing music, besides, soft earmuffs, which touches like the baby skin, make you lost yourself in the immersive music. Picun Bluetooth Headphones are committed to providing customers with the ultimate sound quality experience. | ♬【Noise Cancelling Built-in Mic】High-definition omnidirectional noise reduction built-in microphone delivers clear sound quality, which ensures you can be clearly heard while communicating online. | ♬【Born for Comfortability】Made for comfortable and soft, the earmuff simulates human skin texture which touches likes the baby skin. Keep you comfortable when you enjoying the music. These headphones are foldable and stretchable, Never worried about their size and weight, Foldability and lightweight make them perfect for comfortability. Picun Bluetooth wireless headphones definitely the perfect choice for Travel, Sport, Kids, Teens, and Adults. | ♬【Wide Compatibility】5.2 Bluetooth Connection, compatible with most smartphones, the 2023 newest Bluetooth connection technology provides a more stable connection while saving energy. Come with the 3.5mm audio cable that allows you to connect your computer or even tablet and laptop as a wired headphone while running out the battery. These wireless wired Bluetooth headphones Definitely an excellent birthday or Christmas gift for your family and friend. | ♬【Long Battery Life & Fast Charge】Picun Bluetooth Headphones are rechargeable with a 300mAH battery which can deliver about 20 hours of music playing time. It takes only 1.5-2 hours charging time to make the battery come with full conditions. Never worry about power shortage during your music time. At the means time, the 3.5mm audio cable makes the headphones become wired headphones when you run out of the battery.","{""Package Dimensions"": ""6.42 x 5.12 x 3.5 inches"", ""Item Weight"": ""11.3 ounces"", ""Batteries"": ""1 Lithium Polymer batteries required. (included)"", ""Best Sellers Rank"": {""Electronics"": 461, ""Over-Ear Headphones"": 34}, ""Date First Available"": ""March 16, 2021"", ""Department"": ""unisex-adult"", ""Manufacturer"": ""Picun"", ""Charging Time"": ""2 Hours"", ""Units"": ""1 Count"", ""Number Of Items"": ""1"", ""Brand"": ""Picun"", ""Model Name"": ""B12"", ""Color"": ""Black"", ""Form Factor"": ""Over Ear"", ""Connectivity Technology"": ""Wireless+Wired+Bluetooth 5.2""}",,,,,,,,,
hp-005,Plantronics BackBeat GO 2 Bluetooth Wireless Earbuds,17.99,3.3,in_ear,False,4.5,22.68,Plantronics BackBeat GO 2 Bluetooth Wireless Stereo Earbuds - Retail Packaging - White,WIRELESS EARBUDS: Bluetooth enabled cordless headphones allow you to lose the cord while providing an enhanced and immersive audio experience. | LONG LASTING BATTERY LIFE: Includes a charging case which offers up to 14.5 hours of listening time with 20 minutes of charge time giving an extra hour of battery life. | COMPACT: Bluetooth enabled wireless earbuds easily slip into your pocket making them perfect travel headphones while still packing a full-on stereo sound. | COMFORT: Multiple fit options give secure earbuds for active and all-day wearing.,"{""Product Dimensions"": ""1.85 x 7.09 x 4.92 inches"", ""Item Weight"": ""0.8 ounces"", ""Item model number"": ""BACKBEAT GO 2 WHITE"", ""Batteries"": ""1 Lithium Ion batteries required. (included)"", ""Best Sellers Rank"": {""Electronics"": 384355, ""Earbud & In-Ear Headphones"": 20226}, ""Is Discontinued By Manufacturer"": ""No"", ""Wireless communication technologies"": ""Bluetooth"", ""Connectivity technologies"": ""Wireless"", ""Special features"": ""Stereo"", ""Other display features"": ""Wireless"", ""Form Factor"": ""Two-Ear"", ""Color"": ""White"", ""Manufacturer"": ""Plantronics"", ""Date First Available"": ""July 25, 2013"", ""Weight"": ""0.05 Pounds"", ""Brand"": ""Plantronics""}",,,,,,,,,
hp-006,Coucur Q22 Wireless Earbuds,17.99,4.0,in_ear,True,5.0,181.44,"Coucur Wireless Earbuds Sports, Bluetooth 5.1 Headphones with Mic Deep Bass Bluetooth Earphones in-Ear, CVC8.0 Noise Cancelling Earbuds for Running Gym IP7 Waterproof, 100H Playtime, Touch Control","Bluetooth V5.1 Technology: Adopting Bluetooth V5.1 technology, Coucur wireless earbuds offer you an unparalleled audio experience with faster transmission speed, stronger connection stability, and longer range of bluetooth. You will experience a smoother and clearer music playback and conversations than ever with no more worries about signal loss or music dropouts. Make your lifestyle cool with Coucur Power Q22 Bluetooth earbuds. | One Step Pairing and Easy to Operate: Just pick up the bluetooth earbuds wireless, they will automatically be paired and you will be in your music world in a couple of seconds. In ear headphones will turn off and charge automatically when they are put back into the charging case. Each sport earbud has function of answer/reject phone, volume adjustment, switch music,voice assisatant. Free your hands completely when you’re busy doing exercise, bicycling, driving or running. | High Fidelity Stereo Sound and CVC 8.0 Noise Cancelling: Sport wireless earphone adopt dsr lossless hd rendering technology and cvc 8.0 noise cancelling technology, which produces incredible stereo sound quality with crystal crisp treble. Enjoy your music everywhere even in a loud environment. The built in high quality microphone of the sport bluetooth earbuds can provide you with clear call experience. | Designed for Sports and IPX7 Waterproof: Sport headphones to keep you motivated, a secure fit that won’t shift or fall out during long hours of training, and no wires to hold you back. Equipped with 3 pairs of ear caps and flexible earhooks, which can stay on your ears and get a suitable fitting. So that you will not feel tired and pain when wearing it for a long time. IPX7 waterproof can fit for camping, running, or working out, even on a rainy day. | 100 Hour Playtime and USB C Fast Charge: The true wireless earbuds sport can be automatically charged in the case, and the wireless ear buds provide up to 5 hours of listening or talking time, while the portable charging case can extend it to 100 hours. With type C quick charge, it only takes 1hr to charge the case. (Note: Please fully charge it for the first use.)","{""Package Dimensions"": ""5.2 x 4.57 x 1.61 inches"", ""Item Weight"": ""6.4 ounces"", ""Item model number"": ""Q22"", ""Batteries"": ""2 Lithium Polymer batteries required. (included)"", ""Best Sellers Rank"": {""Electronics"": 155514, ""Earbud & In-Ear Headphones"": 8417}, ""Date First Available"": ""March 12, 2022"", ""Manufacturer"": ""Coucur"", ""Number Of Items"": ""1"", ""Brand"": ""Coucur"", ""Model Name"": ""Q22 Wireless Earbuds"", ""Color"": ""New Model"", ""Form Factor"": ""In Ear"", ""Connectivity Technology"": ""Wireless""}",,,,,,,,,
hp-007,Prosonic N10 Wireless Neckband Headphones,18.98,4.1,in_ear,False,12.0,189.9,"Prosonic N10 Wireless Neckband Headphones with 12mm Drivers, 12 Hours Playtime, HD Stereo Crystal Clear Sound, IPX5 Waterproof, Sporty and Ergonomic Neck Hanging Design (Black Burgundy)","Wireless earbuds with Bluetooth 5.0 A2DP technology and microphone providing you with high-quality stereo sound with rich bass, clear midrange, balanced treble, and high definition. | Sports Earbuds: IPX5 water-resistant to withstand sweat and rain on your run, For convenient carry, the earbuds magnetically fasten around your neck, great for gym workouts and jogs. | Up to 12 hours playtime: These headphones adopt the latest low power consumption chipset and 180mAh high capacity rechargeable batteries. 3 hrs charge last up to 12 hours playback time and 120hrs+ standby. | Ergonomic Neckband design for comfort wearing: This Sports Earphone is lightweight with a neckband design, customizable accessories with Large, Medium, and Small gel ear tips. Soft silicon Neckband ensures comfort and secures wear in even the most intense workout. The cable is made of memory metal Titanium alloy, easy to fold and carry in your pocket, gym bag, etc. Once release the headphone will return to their original shape. | Package contents: Prosonic N10 Neckband headphone, Micro USB charging cable, 3 pairs of ear tips, user manual, and zipper carry case. 60 days Money-back Guarantee and hassle-free 14 months Product Replacement warranty.","{""Package Dimensions"": ""7.8 x 5.63 x 1.26 inches"", ""Item Weight"": ""6.7 ounces"", ""Item model number"": ""N10-KR"", ""Batteries"": ""1 Lithium Ion batteries required. (included)"", ""Best Sellers Rank"": {""Electronics"": 288533, ""Earbud & In-Ear Headphones"": 15471}, ""Is Discontinued By Manufacturer"": ""No"", ""Date First Available"": ""April 30, 2021"", ""Manufacturer"": ""Leaderwave"", ""Country of Origin"": ""China"", ""Number Of Items"": ""1"", ""Brand"": ""P Prosonic"", ""Color"": ""Black Burgundy"", ""Form Factor"": ""In Ear"", ""Connectivity Technology"": ""Wireless"", ""Wireless Communication Technology"": ""Bluetooth""}",,,,,,,,,
hp-009,BULYPAZY Sleep Headphones Bluetooth Headband,19.98,4.0,on_ear,False,10.0,16.0,"BULYPAZY Sleep Headphones, 2023 Bluetooth Headband Headphones with HD Speakers and Mic Perfect for Side Sleepers Sleeping Calling Jogging Yoga Workout Gift Ideas-Unisex (HF012-Gray)","✔【Sleep Headphones & Bluetooth Headband & Sleep Mask 3-in-1 】Bulypazy Headband Headphones with a Upgraded Design Patent, wireless headset and mic inside. Allowing you to block snoring and bright lights while sleeping, enjoy audiobooks while having a nap. Listen to music while exercising, avoiding being disturbed by your mess hair and sweat. Watching TV at home, protable for air travel. Suitable for all occasions where you want to immerse yourself in your world. | ✔【Comfortable Skin Friendly Fabric & Better than Earbuds】 Super-comfy sleeping headband perfect for side sleepers, no more painful ears when listen music or side sleep. Our Bluetooth headband do not beeps or flash light when the battery runs out. Matching different clothes and hairstyles can create more styles for you. Tech gifts Bluetooth headbands for women men. | ✔【10+ Hours Service Time & Excellent Audio Player】 Bulypazy sleep headphones have the Bluetooth 5.0 HIFI advanced sound technology and quality chipsets ensure clear sound and lossless music even during sports. Fast paring speed, less power consuming, ensure stable high fidelity sound. Ensure a whole night's good sleep after a 2 hrs of recharging. Let music, audiobooks, meditation, or ASMR accompany you. | ✔【Tech Gift Ideas for Everyone】 Bulypazy sleep headphones are designed specifically for comfortable sleeping, sports outdoor activities, travel, music headband, enjoy music or watch TV at home. our sleeping headphones doesn't have to cost you too much money, there is a little surprise for you or someone you love. 12-month free replacement warranty, you will have no risk to try the headband headphones! | ✔【What will you get?】 1 x Sleep Headphones, 1 x USB Cable, 1 x User Manual. BULYPAZY offers a satisfactory warranty to solve your issue until you are satisfied.","{""Product Dimensions"": ""5 x 4 x 1 inches"", ""Item Weight"": ""16 Grams"", ""Item model number"": ""HF012"", ""Batteries"": ""1 Lithium Ion batteries required. (included)"", ""Best Sellers Rank"": {""Electronics"": 25399, ""Over-Ear Headphones"": 957}, ""Date First Available"": ""March 22, 2022"", ""Manufacturer"": ""BULYPAZY"", ""Country of Origin"": ""China"", ""Color"": ""01-Grey"", ""Age Range (Description)"": ""Adult"", ""Material"": ""60% Acrylic + 40% Polyester"", ""Number of Items"": ""1""}",,,,,,,,,
hp-014,taopod U-Air Wireless Earphones,19.99,4.4,in_ear,False,6.0,47.0,"taopod Wireless Headphones, Bluetooth Earphones with LED Display, 42H Playtime, IPX7 Waterproof, Mini Earbud with Deep Bass, Bluetooth 5.3 Earphones for Sports Running Workout","Bluetooth 5.3: Features advanced Bluetooth 5.3 technology for instant pairing and stable transmission. | IPX7 Waterproof: The nano-coating on the inside of the headphones and charging case is waterproof and sweat-proof with the latest technology to prevent damage from sweat and raindrops. | Design for Sport: The ergonomic ear wings are designed to fit comfortably over the ear and will not shift or fall off during extended wear. Comes with 3 pairs of ear caps and 2 pairs of ear wings so you get a proper fit. | Smart Touch Control: The headphones feature a capacitive touch interface, which largely reduces the strain on your ears when touching the various function buttons. Simply touch the earbuds and the controls are ready to go. | 42H Playtime: The wireless headphones can last for over 6 hours of playback time on a single charge and up to 42 hours with the charging case.","{""Product Dimensions"": ""2.76 x 1.5 x 1.18 inches"", ""Item Weight"": ""47 Grams"", ""Item model number"": ""U-Air"", ""Batteries"": ""3 Lithium Metal batteries required."", ""Best Sellers Rank"": {""Electronics"": 64844, ""Earbud & In-Ear Headphones"": 3984}, ""Is Discontinued By Manufacturer"": ""No"", ""Date First Available"": ""September 3, 2022"", ""Manufacturer"": ""Taopod"", ""Country of Origin"": ""China"", ""Charging Time"": ""1.5 Watts"", ""Number Of Items"": ""1"", ""Brand"": ""taopod"", ""Model Name"": ""U-Air"", ""Color"": ""White"", ""Form Factor"": ""In Ear"", ""Connectivity Technology"": ""Wireless""}",,,,,,,,,
hp-015,PRTUKYT 6S Wireless Bluetooth Headphones,19.99,4.1,over_ear,False,20.0,290.0,PRTUKYT 6S Wireless Bluetooth Headphones Over Ear,"【 HI-FI WIRELESS HEADPHONES】: High Definition Stereo Headphones, and advanced bluetooth 5.0 chip that aim to deliver you superior sound quality with high fidelity deep bass and crystal clear treble, Deep, accurate bass response, extended frequency range, rechargeable. Lose yourself in immersive music even in the lowest volume levels! | 【 BLUETOOTH 5.0 HEADPHONES】: Our upgrade Bluetooth 5.0 technology ensures fast and stable connections to your Bluetooth devices and low latency during audio/video streaming. Headphones wireless provide high-quality built in mic for hands free calling.No more worries about audio dropouts during phone calls and music listening. | 【BUILT FOR YOUR COMFORTABILITY 】: The Earmuff imitate human skin texture, ensuring lasting comfort. They are foldable and stretchable, which allows you to find the perfect fit without constraint and excellent durability. Wireless Headphones is the best Choice for Travel, Sport and Every day use by Unisex Kids, Teens and Adults. | 【ADJUSTABLE AND PORTABLE DESIGN】: Adjustable headband are ergonomic design and ultra-soft ear cups, Bluetooth headphones provide a comfortable around-ear fit. Foldable design makes it easy for you to take the headphones whenever they go. Perfect for on-line courses, classes, movies, etc. | 【LONG BATTERY LIFE & DUAL MODE】: Wireless Headphones Over Ear are Rechargeable. 500mAh battery, 20hours of music time, 2.5 hours Fast Charing. After 30 hours of playtime, you can switch to wired mode and enjoy your music NON-STOP. You do not need to worry about power shortage problem for the long travel. By choosing PRTUKYT, You are covered with 12 Months warranty and 100% Customer satisfaction.","{""Product Dimensions"": ""4.33 x 6.3 x 3.15 inches"", ""Item Weight"": ""290 Grams"", ""Item model number"": ""6S"", ""Batteries"": ""1 Lithium Polymer batteries required. (included)"", ""Best Sellers Rank"": {""Electronics"": 20061, ""Over-Ear Headphones"": 818}, ""Date First Available"": ""February 2, 2021"", ""Manufacturer"": ""PRTUKYT"", ""Country of Origin"": ""China"", ""Units"": ""1 Count"", ""Number Of Items"": ""1"", ""Brand"": ""PRTUKYT"", ""Model Name"": ""6S"", ""Color"": ""Black & Blue"", ""Form Factor"": ""Over Ear"", ""Connectivity Technology"": ""Wireless, Bluetooth, Wired""}",,,,,,,,,
hp-016,Fulext Sleep Headphones Bluetooth Headband,19.99,4.3,on_ear,False,10.0,90.72,"Fulext Sleep Headphones Bluetooth Headband, Upgrage Soft Sleeping Wireless Music Sport Headbands, Long Time Play Sleeping Headsets with Built in Speakers Perfect for Workout, Running, Yoga","3-in-1 Bluetooth Sleep Headphones --- Easy to use as sleep headphones, music eye mask, or sports headband headphones on many occasions such as sleeping, nap, relaxation, meditation, travel, yoga, running, jogging, and more. Playing music, reducing noise, blocking lights, absorbing sweat, or keep ears warm...It's not just a bluetooth sleep headphone headband, but also a cool gift for men women dad mom grandpa grandma and for yourself to sleep better. | Fall Asleep with Your Selected Tunes --- The bluetooth sleep headphones will let you surround yourself in an ultimate sound experience without disturbing, or being disturbed by the person next to you, help you drift off with your favorite music or audiobooks. Useful sleep helper for almost everyone: adult men women, wife, husband, father, mother, and teen boys girls. | Comfortable Even for Side Sleeper --- Ultra-soft sleep headphones with 2 mini flat speakers will not put any pressure against your ears even when sleeping on the side. Sometimes you might even forget that you are wearing it. True wireless, no cable chaos! Unusual gifts for Thanksgiving Day, Christmas Stocking Stuffers, Secret Santa gifts, Birthday, Mother's Day, Valentine's Day and many other gift giving occasions. | 10-Hours Music on 2-Hour Recharge --- With enhanced bluetooth 5.2 technology, the sleeping headphones will provide you an excellent user experience of premium sound quality, fast paring speed, less power consuming which means a whole night playing time on a single recharge. | Improved Quality, Worry-Free Service --- We upgraded the bluetooth sleeping headphones headband for a better and stable sound, made it elastic to fit most head size, and adopted thin light fabric material which feels cool touch for skin and never dye or stain. If the sleeping headband headphones you received happen to be malfunctioning, please let us know then we will provide you a free replacement or a refund.","{""Product Dimensions"": ""10.24 x 3.94 x 0.39 inches"", ""Item Weight"": ""3.2 ounces"", ""Item model number"": ""FULH03"", ""Batteries"": ""2 Lithium Ion batteries required. (included)"", ""Best Sellers Rank"": {""Electronics"": 111854, ""On-Ear Headphones"": 1494, ""Over-Ear Headphones"": 2796}, ""Date First Available"": ""May 31, 2021"", ""Department"": ""Prime Day,Black Friday,Cyber Monday"", ""Manufacturer"": ""Fulext"", ""Color"": ""Orange"", ""Age Range (Description)"": ""Adult"", ""Material"": ""Sleep Headphones Bluetooth, Headphones for Sleeping, Today Deals, Holiday Gift Guide, Headband Headphones, Sleeping Headphones, Sleep Devices, Bluetooth Headband, Tech Gadgets, Sleep HeadphonesSleep Headphones Bluetooth, Headphones for Sleeping, Today Deals, Holiday Gift Guide, Headband Headphones, Sleeping Headphones, Sleep Devices, Bluetooth Headband, Tech Gadgets, Sleep Headphones  See more"", ""Fabric Type"": ""birthday gifts for women,birthday gifts for men, mom birthday gifts,birthday gifts for mom, birthday gifts,50th birthday gifts for women,40th birthday gifts for womenbirthday gifts for women,birthday gifts for men, mom birthday gifts,birthday gifts for mom, birthday gifts,50th birthday gifts for women,40th birthday gifts for women  See more"", ""Number of Items"": ""1""}",,,,,,,,,
hp-018,Falebare 6S Bluetooth Headphones,21.99,4.3,over_ear,False,40.0,17.97,"Bluetooth Headphones Over Ear, 6S Foldable Wireless Headphones with 6 EQ Modes, 40 Hours Playtime HiFi Stereo Headset with Mic, Soft Ear Pads, TF/FM for Cellphone/PC/Home (White & Gold)","🎧【High Definition Stereo Headphones】： Wireless Headphones Over Ear, High Definition Stereo Headphones that aim to deliver you superior sound quality with high fidelity deep bass and crystal clear treble, Deep, accurate bass response, extended frequency range. Lose yourself in immersive music even in the lowest volume levels! The goal that provide Customers with outstanding sound quality is our constant pursuit. These wireless wired Bluetooth headphones Definitely an excellent birthday or Christmas gift for your family and friend. | 🎧【40 Hours Long Playtime with 6 EQ Modes】： Our Bluetooth Headphones have 6 EQ modes with which you can freely switch between Bass/Jazz/Voice/Rock/Pop/Classic sounds, each mode provides you with the CD quality sound. 500mAh battery, 40 hours of playtime, 2.5 hours Fast Charing. You can switch to wired mode and enjoy your music Non-stop. Headphones are Rechargeable. Come with a 3.5mm audio cable, regardless of whether you want to use wireless headset or wired headphones, Bluetooth headset can satisfy you. | 🎧【Bluetooth 5.0 & Built-in Microphone】: The upgrade Bluetooth 5.0 offers high quality built-in microphone for crystal clear hands-free calls and efficient stable Bluetooth connections. Now you can experience true wireless freedom. Making it possible to have clear sounds during your hands-free conversations. No more worries about audio dropouts during phone calls and music listening. Built to provide a quick and stable Bluetooth connection. Just Long press power button and the headphones will be in ready to pair mode. | 🎧【Specially Adjustable and Foldable Design】: The wireless headphones are foldable and adjustable, which make sure that the ear is snug around your ears for a better sound experience and immersed in the full sound. which allows you to find the perfect fit without constraint and excellent durability. Falebare headphones is the best choice for travel, sport and daily use by unisex kids, teens and adults. | 🎧【Comfort Headphones Designed to Fit You】：The ultra-soft protein leather Earmuffs have advanced ventilation and a unique ergonomic fit for an individual, fit for every head shape. Reminder: It is highly recommended to remove headphones every 1-2 hours, so your ears can relax for a pleasant hearing experience. By choosing Falebare, You are covered with 12 Months warranty and 100% Customer satisfaction.","{""Package Dimensions"": ""6.54 x 4.72 x 3.43 inches"", ""Item Weight"": ""0.634 ounces"", ""Item model number"": ""6S"", ""Batteries"": ""1 Lithium Polymer batteries required. (included)"", ""Best Sellers Rank"": {""Electronics"": 10373, ""Over-Ear Headphones"": 477}, ""Date First Available"": ""September 15, 2022"", ""Manufacturer"": ""Falebare"", ""Charging Time"": ""2.5 Hours"", ""Number Of Items"": ""1"", ""Brand"": ""Falebare"", ""Model Name"": ""6S"", ""Color"": ""White & Gold"", ""Form Factor"": ""On Ear"", ""Connectivity Technology"": ""Wireless, Wired""}",,,,,,,,,
hp-021,OYEALEX Active Noise Cancelling Over Ear Headphones,24.99,4.1,over_ear,True,10.0,210.0,"OYEALEX Active Noise Cancelling Over Ear Headphone Bluetooth Wireless Headphones with Microphone Deep Bass Foldable Comfortable Headphones for Online Class, Home Office, PC/Cell Phones/Game Orange","Dual powerful 40mm sound stage drivers deliver true-to-life audio with rich bass that's just like the real thing. Engineered, noise cancellation -20dB. It could prolong the lifetime of the battery and offers more real sound. | Comfortable Wearing and Ergonomic Design,the over-ear Headphones memory-protein earmuffs is made in Germany, which designed to disperse pressure and heat build-up, combined with the soft leather headband to gives you maximum comfort & superior isolation.make sure that the ear is snug around your ears for a better sound experience and immersed in the full sound.The headband is adjustable that can be longer or shorter and loose or tight and foldable for carry easily. | Built-in rechargeable battery with a full charge of 1-2 hours enables your beats to go on for a whopping 10-30 hours of playtime. You could also use this Bluetooth headphone as a wired headphone with the provided audio cable plugged into your earphone jack so the headphone will never power off. | CSR chips and Bluetooth 5.0 technology of this bluetooth headphone provides quick and stable connection with your device. Wireless headphone over ear with a high-quality built-in microphone for hands-free calls.lower latency and better audio output. | WORKS WITH: iPad, iPod, iPhone, Android and many other audio devices. High-quality sound, supreme durability. These are the headphones you've been looking for. (our Bluetooth headphones assure your safety use with its FCC BQB UL and CE certification. And we commit to you the best after-sale service,You can read the instruction manual online or In the packaging )","{""Product Dimensions"": ""7.09 x 3.15 x 8.26 inches"", ""Item Weight"": ""0.21 Kilograms"", ""Item model number"": ""EL-B4"", ""Batteries"": ""1 Lithium Polymer batteries required. (included)"", ""Best Sellers Rank"": {""Electronics"": 94342, ""Over-Ear Headphones"": 2502}, ""Date First Available"": ""May 28, 2020"", ""Department"": ""unisex-adult"", ""Manufacturer"": ""OYEALEX"", ""Country of Origin"": ""China"", ""Brand"": ""OYEALEX"", ""Model Name"": ""OL-B"", ""Color"": ""B4-Orange"", ""Form Factor"": ""Over Ear"", ""Connectivity Technology"": ""Wireless""}",,,,,,,,,
hp-022,JLab Go Air True Wireless Earbuds,24.99,4.2,in_ear,False,5.0,60.0,"JLab Go Air True Wireless Bluetooth Earbuds + Charging Case | Black | Dual Connect | IP44 Sweat Resistance | Bluetooth 5.0 Connection | 3 EQ Sound Settings Signature, Balanced, Bass Boost","LONG BATTERY LIFE: Listen for the long battery life; stay for the comfort. GO Air features 5 hours of playtime in each earbud and 15+ extra hours from the charging case. That’s 20+ hours of playtime. Recharge hassle-free with the charging case and integrated charging cable. | DUAL CONNECT: Use either earbud independently or use both and experience a seamless connection no matter the situation. Both earbuds auto connect to your device, so no need to worry about switching or missing a connection. A built-in MEMS microphone in each bud ensures clear calls. | SMALLER DESIGN: Go Air are 20% smaller than the JBuds Air. This means a slimmer profile, great for smaller ears. A longer earbud stem provides a more snug in-ear fit, creating a perfect seal for crystal clear sound. Pocket friendly case features an integrated charging cable for on-the-GO. | CUSTOM EQ3 SOUND: Featuring 8mm neodymium drivers, GO Air provides a crystal clear sound. With the optimal fit – try all three gel tip sizes to achieve a secure in-ear seal – you’ll enjoy amazing sound for all your tunes, calls and more. With just a tap or two via touch sensors, you can choose the sound to match your personal preference between: JLab Signature, Balanced and Bass Boost modes – without an app. | INCLUDES: GO Air Earbuds, Charging Case with Integrated Charging Cable, 3 Sets Gel Tips: Small, Medium, Large, JLab Two Year Warranty.","{""Product Dimensions"": ""6.3 x 2.76 x 1.18 inches"", ""Item Weight"": ""60 Grams"", ""Item model number"": ""EBGOAIRRBLK82"", ""Batteries"": ""2 Lithium Polymer batteries required."", ""Best Sellers Rank"": {""Electronics"": 1320, ""Earbud & In-Ear Headphones"": 202}, ""Is Discontinued By Manufacturer"": ""No"", ""Date First Available"": ""September 18, 2018"", ""Manufacturer"": ""JLab Audio"", ""Country of Origin"": ""China"", ""Charging Time"": ""2 Hours"", ""Units"": ""1 Count"", ""Number Of Items"": ""1"", ""Brand"": ""JLab"", ""Model Name"": ""Go Air"", ""Color"": ""Black"", ""Form Factor"": ""In Ear"", ""Connectivity Technology"": ""Wireless""}",,,,,,,,,
hp-023,IOTTICKER Wireless Earbuds Bluetooth 5.3,24.99,4.1,in_ear,True,6.0,3.0,"IOTTICKER Wireless Earbuds Bluetooth 5.3, Wireless Headphones 22H Playtime, HiFi Stereo Earphones with 4 Mic ENC Noise Cancelling, Transparent Headset Sweatproof Suitable for iPhone iOS Android Black","🎜【True Wireless Earbuds Bluetooth 5.3】: This bluetooth wireless ear buds feature advanced Bluetooth 5.3 technology for a stable and fast wireless connection to your smartphone, tablet, or other Bluetooth-enabled devices. With lower latency and easy one-step pairing, you can enjoy a transmission distance of up to 15 meters (49 feet). | 🎜【Immersive Stereo Sound & Crystal Clear Calls】: These wireless Bluetooth headphones deliver powerful 13mm drivers, ENC noise cancellation, and a built-in dual microphone (4 mics) for high-fidelity stereo sound and deep bass. Plus, they ensure crystal clear calls in noisy or public areas. | 🎜【Ultra Lightweight & Ergonomic Design】: Weighing only 3g per earbud, these in-ear wireless earphones are ultra-lightweight and ergonomically designed to minimize discomfort and reduce ear pressure during extended wear. | 🎜【Long-Lasting Battery & Fast Charging】: Enjoy up to 6 hours of music on a single charge, and with the transparent charging case, get a total of 22 hours of playtime. The wirless earbuds bluetooth can be fully charged in just 1 hour, and the charging case can be fully charged within 2 hours using the Type-C charging cable. Never worry about running out of battery life, and enjoy music all day long. | 🎜【Smart Touch Controls & Wide Compatibility】: Designed with smart touch controls, you can easily manage calls, music playback and activate voice control with your fingertips. The advanced 5.3 chip ensures this bluetooth wireless headset works well with iPhone, Android device,windows, computers,Laptop, smart watch etc.","{""Package Dimensions"": ""4.92 x 3.74 x 1.57 inches"", ""Item Weight"": ""2.08 ounces"", ""Batteries"": ""1 Lithium Polymer batteries required. (included)"", ""Best Sellers Rank"": {""Electronics"": 50576, ""Earbud & In-Ear Headphones"": 3342}, ""Date First Available"": ""February 6, 2023"", ""Manufacturer"": ""IOTTICKER"", ""Country of Origin"": ""China"", ""Charging Time"": ""1.5 Hour"", ""Brand"": ""IOTTICKER"", ""Model Name"": ""YX06"", ""Color"": ""Black"", ""Form Factor"": ""In Ear"", ""Connectivity Technology"": ""Wireless, Bluetooth 5.3""}",,,,,,,,,
hp-026,CAPOXO D7 Wireless Earbuds,25.99,4.6,in_ear,False,6.0,4.05,"CAPOXO Wireless Earbuds Bluetooth Headphones 50Hrs Playtime with Wireless Charging Case&Dual LED Power Display, IPX7 Waterproof Earphones, in Ear Stereo Headset Built-in Mic for iPhone/Android","【Wireless Charging & Digital Battery Display】Apart from charging with the included Type-C cable, you could also simply place D7 wireless earbuds on a wireless charging pad (NOT included) to have an easier charging experience. Besides, built-in dual LED power display allows you to grasp the remaining power of the charging case and the charging status of the earbuds in real-time. Thus you could always charge them in time via either way when battery is low. | 【HD Stereo Sound & Clear Call Performance】Engineered with premium quality speakers, these bluetooth headphones bring you wide sound range, dynamic highs and deep bass. Stereo surround sound for pleasing sound quality, let you like being in a concert hall.Two built-in microphones for phone calls, make your sound clear and loud during the calls. Good for web meeting and online class. | 【50Hrs Playtime & Compact Design】A single full charge last for 6 hours of use, plus multiple charges through the charging case, these Bluetooth earphones can play 50 hours in total(at 50%-60% volume). Enjoy all-day listening experience without worry about battery shortage when going out. Less than 50g (two earbuds + one wireless charging box), can be easily put into pocket and carry with you everywhere. | 【Auto quick Pairing & Easy Operation】When you take out CAPOXO wireless headphones from the charging case, they will automatically turn on & connect to the previously paired device. Compared with traditional physical buttons, touch control is more convenient and simple. Without pressing hard, you can easily skip tracks/change volume/play or pause music/activate voice assistant/answer or end or reject a phone call. Super easy to use for most ages. | 【Comfortable Fit & IPX7 Waterproof】Combined with ergonomic design, earbud weighs only 4.05 grams per side, and equipped with 3 pairs of different sized rubber ear tips for options, you won't feel tired and painful even if wearing these true wireless earphones for a long time. IPX7 waterproof can effectively prevent the earphones from the damage of sweat and raindrops, made for sports/workout/running/travel etc.","{""Product Dimensions"": ""0.98 x 0.87 x 0.94 inches"", ""Item Weight"": ""3.89 Grams"", ""Item model number"": ""D7"", ""Batteries"": ""1 Lithium Ion batteries required. (included)"", ""Best Sellers Rank"": {""Electronics"": 16622, ""Earbud & In-Ear Headphones"": 1554}, ""Date First Available"": ""November 10, 2022"", ""Manufacturer"": ""CAPOXO"", ""Charging Time"": ""2 Hours"", ""Number Of Items"": ""1"", ""Brand"": ""CAPOXO"", ""Model Name"": ""D7"", ""Color"": ""Black"", ""Form Factor"": ""On Ear"", ""Connectivity Technology"": ""Wireless""}",,,,,,,,,
hp-028,Galirity Neckband Bluetooth Headphones,26.33,4.4,in_ear,True,16.0,74.0,"Bluetooth Headset, 2023 Upgraded Neckband Bluetooth Headphones with Retractable Earbuds, Noise Cancelling Stereo Earphones with Mic, Foldable Wireless Headphones for Sports Office with Carry Case","【Neckband & Retractable Design】: The Bluetooth headphones with ergonomic neckband design fits your neck and comfortable to wear. The unique design of retractable earbuds allows you to pull the wire to the desired length and retract it when not use. In addition, the Bluetooth headsets designed with vibrant yellow silicone effectively reduces the sound of collisions when retracting the earbuds. | 【Bluetooth 5.0 & Stereo Sound】: This Bluetooth headset adopts advanced Bluetooth 5.0 technology providing faster and stable signal connection. The CVC noise canceling technology and built-in mic for stereo high-definition sound and super bass sound, makes calls clear and stable. You will love the wonderful music and clear calls sound that these headphones bring. | 【16 Hours Long Enjoyment】：The neckband Bluetooth headphones can provide 18 hours talking time, 16 hours music time and 300 hours standby time per single charge (full charge time: 3.5 hours). No need to worry about your Bluetooth headset running out of power when you are outdoors. Great for workout, traveling, outing, business, sports, office etc. | 【Convenient & Hands-free Calling】：With the button on the wirless earphones, you can skip/play/pause music tracks and all phone use without reaching your phone. Besides, the neck Bluetooth headset will vibrate to remind you when there is an incoming call, so you will not miss any calls even if you are in noisy environment or exercising. And the Bluetooth headphones can be connected with two devices simultaneously. | 【Portable & What You Get】: The Bluetooth headphones comes with a carrying case for easy carrying and storing. Any question, please feel free to contact us. Galirity offers 24-month product worry-free and friendly customer service. Package Includes: 1*Galirity Bluetooth Headphones, 1*Micro USB Charging Cable, 1*Carrying Case, 6*Ear Tips in 3 sizes, 1* User Manual.","{""Product Dimensions"": ""6.7 x 6.1 x 1.2 inches"", ""Item Weight"": ""74 Grams"", ""Item model number"": ""SX-990"", ""Best Sellers Rank"": {""Electronics"": 860, ""Earbud & In-Ear Headphones"": 135}, ""Date First Available"": ""January 7, 2022"", ""Manufacturer"": ""Galirity"", ""Country of Origin"": ""China"", ""Charging Time"": ""3.5 Hours"", ""Units"": ""1 Count"", ""Number Of Items"": ""1"", ""Brand"": ""Galirity"", ""Model Name"": ""SX-990"", ""Color"": ""Black"", ""Form Factor"": ""In Ear"", ""Connectivity Technology"": ""Wireless""}",,,,,,,,,
hp-029,PowerLocus Bluetooth Over-Ear Headphones,26.99,4.4,over_ear,False,15.0,165.0,"PowerLocus Bluetooth Over-Ear Headphones, Wireless Stereo Foldable Headphones Wireless and Wired Headsets with Built-in Mic, Micro SD/TF, FM for iPhone/Samsung/iPad/PC (Purple)","AMAZING SOUND QUALITY: High Definition Stereo Headphones, specially developed software and noise reduction technology that aims to deliver the music from your iPod on a whole new level! Deep Bass in combination with Dynamic Power Sound, results in Superior Audio Quality, even in the highest volume levels! | GREAT COMFORT FOR ALL AGES: The over-ear headphones are foldable and stretchable, so they can fit perfectly almost any size head. PowerLocus are always are ready to impress with elegance and convenience, bringing more joy during the everyday use! PowerLocus is #1 Choice for Travel, Sport and Every day use by Unisex Kids, Teens and Adults. | CONNECT QUICKLY via Bluetooth 5.0: We made the bluetooth over ear headphones super easy to use. Just slide the on/off button and the headphones will be in ready to pair mode. The Wireless Headphones are compatible with all Bluetooth or 3.5mm plug cable enabled devices! You can also receive calls and have hands-free communication through the special noise reduction technology microphone. Compatible with all iPhone X, 8 Plus, Samsung S9, S8, iPad, iPod, Huawei, Nexus, Amazon Fire Tablet | QUALITY MADE DESIGN: PowerLocus is built from materials which are extremely nice to touch and provides the model premium outlook. The super soft memory-protein foam leather earmuffs and headband will contribute to optimum comfort even if you wear them for long time. Use them everywhere, together with the Protective Premium Case – great way to carry them without having scratches on them for long term. | Wireless and Wired FLEXIBLE HEADPHONES: They are rechargable, but After 15 hours of playtime, you can switch to wired mode and enjoy your music NON-STOP. By choosing PowerLocus, You are covered with 24 Months PowerLocus warranty and 100% Customer satisfaction – 24/7 Customer Support.","{""Product Dimensions"": ""4.33 x 6.38 x 7.95 inches"", ""Item Weight"": ""5.8 ounces"", ""Item model number"": ""2"", ""Batteries"": ""1 C batteries required."", ""Best Sellers Rank"": {""Electronics"": 34861, ""Over-Ear Headphones"": 1219}, ""Is Discontinued By Manufacturer"": ""No"", ""Wireless communication technologies"": ""Bluetooth"", ""Connectivity technologies"": ""Bluetooth"", ""Special features"": ""HD Stereo Sound, Bluetooth 5.0"", ""Other display features"": ""Wireless"", ""Audio Jack"": ""3.5 mm Jack"", ""Form Factor"": ""Over Ear"", ""Color"": ""Purple"", ""Whats in the box"": ""Protective Case"", ""Manufacturer"": ""PowerLocus"", ""Country of Origin"": ""China"", ""Date First Available"": ""July 6, 2018"", ""Charging Time"": ""2.5 Hours"", ""Weight"": ""165 Grams"", ""Units"": ""1 Count"", ""Brand"": ""PowerLocus"", ""Model Name"": ""Language _ tag""}",,,,,,,,,
hp-031,ausounds Wireless Earbuds,29.95,3.9,in_ear,False,5.0,181.44,"ausounds Wireless Earbuds, Bluetooth, Touch Control, Dual Mics, Workout Sweat Resistant(Navy)","THUMPING BASS & CRISP VOCAL - The EQ of the earbuds are tuned by experts to restore the original sound of the music to the greatest extent. 10mm AU PEEK+PU Speaker Driver for high resolution premium sound and a frequency range of 20Hz-20kHz. | DUAL NOISE REDUCTION MICS - Enhanced crystal clear call quality by filter ambient noise and improve vocal. Voice Assistant technology available with touch controls for ""Siri"" or ""Ok, Google"" | STABLE CONNECTION - Using the most advanced Bluetooth 5.2 transmission technology, you will get up to 420 kbps for superior connection and sound quality. | 30 HOURS CHARGE AND GO - With 30hrs of battery life (earbuds play up to 5hr, the battery of case is able to fully charge the earphone for 5 times), you'll have enough power for long trips | DESIGN for BIG EARS - The spherical appearance designed to fit the BIG ears, to ensure that the earphones are not too small to cause instability or easy to fall off.","{""Product Dimensions"": ""6.5 x 3.8 x 2 inches"", ""Item Weight"": ""0.4 Pounds"", ""Item model number"": ""AUFQBT101"", ""Batteries"": ""3 Lithium Polymer batteries required. (included)"", ""Best Sellers Rank"": {""Electronics"": 270470, ""Earbud & In-Ear Headphones"": 14481}, ""Is Discontinued By Manufacturer"": ""No"", ""Date First Available"": ""November 19, 2021"", ""Department"": ""mens"", ""Manufacturer"": ""Ausounds"", ""Brand"": ""ausounds"", ""Color"": ""Navy"", ""Form Factor"": ""In Ear"", ""Connectivity Technology"": ""Wireless"", ""Wireless Communication Technology"": ""Bluetooth""}",,,,,,,,,
hp-032,E7 Active Noise Cancelling Headphones,29.98,4.6,over_ear,True,30.0,388.35,"E7 Active Noise Cancelling Headphones Bluetooth Headphones Over Ear Wireless Headphones with Microphone Deep Bass, Comfortable Protein Earpads, 30HPlaytime for Travel/Work","Advanced Noise Cancelling Technology: Create a better sound environment by reducing noise-- Listening to music with more details. When you are taking a long-haul flight or commuting to work, you can pay more attention to your listening with the ANC function which can cancel out a wide range of low and mid-frequency noises like the aviation environment. | Superior Calls: E7 Active Noise Cancelling headphones transmit a clearer voice quality with built-in microphone and upgraded audio signal processing technology. In addition, there is a button you can touch to take your calls, then you can free your hands to have conversations with Wireless headphones. | Impressive Sound: Feel a full range of frequencies of sound due to large 45mm drivers. The Bluetooth headphones will give you immersive sound at any volume, letting you feel the real charm of music. Better sound quality for our customers is always the focal point of our engineering. | Fit Comfort: Both adjustable design and super-soft material, wireless active noise cancelling headphones provide a comfortable and extremely fittable wearing experience. With pressure-relieving earpads and lightweight features, you will barely notice you're wearing over-ear headphones. | All-day Playtime with 30 hours: wireless active noise cancelling headphones will provide you with a huge 30-hour playtime with one full charge. Even if you are out for a trip or other, you never encounter problems like this: powering off or not having enough power for one song.","{""Package Dimensions"": ""8.27 x 8.11 x 2.4 inches"", ""Item Weight"": ""13.7 ounces"", ""Item model number"": ""E7"", ""Best Sellers Rank"": {""Electronics"": 45481, ""Over-Ear Headphones"": 1490}, ""Date First Available"": ""April 22, 2023"", ""Manufacturer"": ""Generic"", ""Number Of Items"": ""1"", ""Brand"": ""Generic"", ""Model Name"": ""E7"", ""Color"": ""Dull Black"", ""Form Factor"": ""Over Ear"", ""Connectivity Technology"": ""Wireless""}",,,,,,,,,
hp-033,GIEC Wireless Earbuds,29.99,4.0,in_ear,True,60.0,50.0,GIEC Wireless Earbuds Bluetooth Earbuds Noise Cancelling Earbuds with Mic True Wireless Earbuds 60H Playtime IP55 Waterproof Earbuds in Ear Headphones Bluetooth Earbuds for Android and iOS White,"【NOISE CANCELLING EARBUDS HEARING PROTECTION】Equipped with Environmental Noise Cancellation technology,reducing the environmental noise up to 35dB or more, GIEC wireless earbuds noise cancelling ensure that sound is transmitted properly,enhance listening experience. | 【HEAR THE NATURAL SOUND】CandyPods earbuds comes with GIEC independent EQ system to effectively pick up sound,improves the response capability for clear midrange and melodious treble, true to your ears. | 【TRANSPARENT SOLID CASE DESIGN】Distinction is in the detail.New materials,new structure on earbuds' charging case.Feel the beautifully textured, smooth surface thanks to the dual-color case design. | 【OPEN AND CLOSE,ON AND OFF】The wireless earbuds with charging case comes with specially hall magnetic switch design to detect the earbuds using status,when you open the charging case,the earbuds will reconnect.When you close the charging case with earbuds,it will end the connection for long battery life. | 【WATERPROOF DUST RATE IP55】These earphones have an IP55 waterproof and dustproof design,no worries. No matter if you are in sweat or rain,staying in or working out,your earphones are in all-around protection.","{""Product Dimensions"": ""0.67 x 1.34 x 0.67 inches"", ""Item Weight"": ""0.05 Kilograms"", ""Item model number"": ""Y2006 White"", ""Best Sellers Rank"": {""Electronics"": 157086, ""Earbud & In-Ear Headphones"": 8443}, ""Date First Available"": ""May 11, 2021"", ""Department"": ""unisex-adult"", ""Manufacturer"": ""SHENZHEN GIEC DIGITAL CO.,LTD"", ""Brand"": ""GIEC"", ""Model Name"": ""GIEC CandyPods"", ""Color"": ""White"", ""Form Factor"": ""In Ear"", ""Connectivity Technology"": ""Wireless""}",,,,,,,,,
hp-036,UNOSOUNDS On Ear Wireless Headphones,29.99,3.5,on_ear,False,6.0,272.16,"UNOSOUNDS On Ear Headphones, Wireless and Bluetooth, Noise Reducing, Comfortable Design, Built in Mic and Wired Mode for Mobile, PC & TV, Includes 3.5mm Aux Cable and USB Charger (Black)","INCREDIBLE SOUND: High definition stereo and custom 40mm speakers create an immersive music experience with dynamic drivers for crystal clear and balanced audio. | NOISE REDUCTION: Engineered to reduce ambient noises by detecting and cancelling out a wide range of low and mid-frequency noises. Ideal for drowning out needless distractions while you enjoy your favorite artists or for those critical work calls. | SUPER COMFORTABLE: Ergonomic design with ultra-soft ear muffs made for extended wearing. The flexible and robust headband makes it easy to find your perfect fit with excellent durability, suitable for all head types. | SEAMLESS BLUETOOTH CONNECTION: Enjoy 6 hours of hands free, wireless playback with the ability to connect to two devices at once. Also, comes with an AUX cable so you can plug in and keep enjoying on low charge. | EASY TO USE: Complete control to turn On/Off, Play/Pause, and Answer/End Calls with the multifunction button. Compatible with both iOS and Android and achieves a full charge in just 1.5 hours with the included USB charging cable.","{""Package Dimensions"": ""7.64 x 7.6 x 2.99 inches"", ""Item Weight"": ""9.6 ounces"", ""Batteries"": ""1 Lithium Ion batteries required. (included)"", ""Best Sellers Rank"": {""Electronics"": 595119, ""On-Ear Headphones"": 5706}, ""Date First Available"": ""October 13, 2021"", ""Manufacturer"": ""UNOSOUNDS"", ""Brand"": ""UNOSOUNDS"", ""Color"": ""Black"", ""Form Factor"": ""On Ear"", ""Connectivity Technology"": ""Wireless, Wired"", ""Wireless Communication Technology"": ""Bluetooth""}",,,,,,,,,
hp-037,sprtoybat Q35 Wireless Earbuds,29.99,4.4,in_ear,False,5.0,6.0,"Ultralight Sport Bluetooth 5.3 Headphones, Wireless Earbuds with Dual LED Battery Display 30Hrs Playtime, IPX7 Waterproof Wireless Headphones with Earhooks, Built-in Mic Earphones for Gym Black","Designed for Sports: Flexible, secure-fitting silicone ear hooks and an ergonomic design ensure the earbuds stay comfortable and secure during hiking, running and other outdoor activities. Three different sizes of silicone eartips are included, designed to fit perfectly without squeezing your ear canal and to be worn for long periods of time without fatigue or pain, giving you comfort from the inside out. IPX7 rated waterproof to withstand common splashes and rain. | Ultra-lightweight Sports Bluetoth Earbuds: Q35 wireless earphones weighs only 6 grams, and the whole product (plus the charging case) weighs only 50 grams. Compared with other sports headphones with ear hooks to be more lightweight, easy to carry around. | Dual LED Digital Display and Fast Charging: Q35 wireless earbuds show the remaining charge level of the charging case by the number on the charging case screen, and the charging status of each earbud by the LED light bar. The charging case has a built-in 400mAh battery, and two fully charged headphones can get up to 5 hours of music playback time. The charging case can charge the dual sport earbuds 5 times for a total of 30 hours of music playback, and supports Type-C fast charging. | High-fidelity Audio and Clear Calls: The wireless bluetoth headphones features a 10mm speaker and a volume-optimized active equalizer that maintains audio clarity and balance. With a highly supple diaphragm that reproduces a rich bass range while enhancing sound quality and reducing distortion, you'll hear clear HD stereo sound and powerful bass. A hands-free earphones with noise-canceling microphone makes calls easier and clearer to hear. | One-step Pairing and Touch Control: Q35 bluetoth headphones feature a Hall switch and Bluetoth 5.3 technology. After the first connection, these wireless headphones will automatically connect to your device as soon as you open the charging case. Put the earbuds back in the box and they will automatically turn off and charge. A multi-function touch panel on each earphones lets you play/pause audio, adjust volume, answer and hang up calls, activate siri and Google Assistant, and more.","{""Product Dimensions"": ""0.89 x 0.65 x 0.87 inches"", ""Item Weight"": ""40 Grams"", ""Item model number"": ""Q35"", ""Batteries"": ""2 Lithium Polymer batteries required. (included)"", ""Best Sellers Rank"": {""Electronics"": 3359, ""On-Ear Headphones"": 85, ""Earbud & In-Ear Headphones"": 451}, ""Is Discontinued By Manufacturer"": ""No"", ""Date First Available"": ""April 30, 2022"", ""Manufacturer"": ""sprtoybat"", ""Country of Origin"": ""China"", ""Number Of Items"": ""1"", ""Brand"": ""Sprtoybat"", ""Model Name"": ""Q35"", ""Color"": ""Black"", ""Form Factor"": ""On Ear"", ""Connectivity Technology"": ""Wireless""}",,,,,,,,,
hp-038,POMUIC Wireless Earbuds Bluetooth 5.1,29.99,4.1,in_ear,False,5.5,150.0,"POMUIC Wireless Earbuds, Bluetooth 5.1 Headphones with 4 HD Microphone, 60Hrs Playback Sport Earphones with LED Display, IP7 Waterproof, in Ear Bluetooth Earbuds with Earhooks, Headset for Sport Work","Fast Charging and 60 Hours of Playtime: Wireless earbuds use Type-C fast charging, which only takes 1 hour to complete the charge, and the earbuds can provide 5-7 hours on a single charge. The 800mAh LED charging case can provide 60 hours of battery life for the headset, which is very suitable for travel, sports and work. | Superior Sound Quality and Clear Audio: 10mm speaker drivers boost bass by 43%, producing rich stereo sound. The bluetooth eadphones has 4 built-in HD microphones so you can stay clear during calls. | Sport Design and IPX7 Waterproof: Soft ear hooks that hold the headphones in place well and prevent them from falling off during exercise. IPX7 nano coating protects against rain, sweat splashes and no need to worry about getting wet or sweating. | One Step Pairing and Touch Controls: After the first connection is complete, simply remove the earbuds from the charging case and they will automatically power on and connect to your device. The earbuds features sensitive touch controls that make it easy to operate the earbuds with just a tap. | Bluetooth 5.1 and Compatibility: Wireless headphones using Bluetooth 5.1 technology, data transmission is more stable, lower latency, more compatible, the headset is compatible with Android / IOS smartphones and Bluetooth 4.0 or higher version of Bluetooth devices.","{""Package Dimensions"": ""4.29 x 3.31 x 1.46 inches"", ""Item Weight"": ""150 Grams"", ""Item model number"": ""Q33-M"", ""Batteries"": ""3 Lithium Polymer batteries required."", ""Best Sellers Rank"": {""Electronics"": 156366, ""Earbud & In-Ear Headphones"": 8444}, ""Date First Available"": ""April 17, 2022"", ""Manufacturer"": ""POMUIC"", ""Country of Origin"": ""China"", ""Brand"": ""POMUIC"", ""Model Name"": ""language _ tag"", ""Color"": ""Black"", ""Form Factor"": ""In Ear"", ""Connectivity Technology"": ""Wireless, Bluetooth 5.1""}",,,,,,,,,
hp-039,PowerLocus Bluetooth Headphones Over-Ear,29.99,4.4,over_ear,False,70.0,311.0,"Bluetooth Headphones, PowerLocus Bluetooth Headphones Over-Ear, Passive Noise Cancelling Headphone with Microphone, 70Hrs Playtime, Foldable Wireless Headphones,Hi-Fi Deep Bass for Work,Home Office,PC","【Concert Hall Experience】– Put the headphones on and feel each instrument behind the song you are listening to. Rediscover your playlists with our upgraded neodymium audio speakers. Superior Hi-Fi Stereo Sound comprises of clear heights and vocals in combination with deep bass technology whenever is needed. Smart technology that adapts to every genre for ultimate feeling. Bluetooth over-ear headphones terrific for any genre music. | 【Wireless Headphones with Microphone】– Built-in microphone would ease you during the online classes or home office hours, join online conferences freely with our over ear headphones with microphone. Moonfly wireless headphone has on ear positioned control buttons for volume, songs and play/pause control as well as voice assistant activation. Accepting phone calls is great while your phone is in your pocket. | 【COMFORTABLE DESIGN】– Foldable headphones with completely over the ear super soft earmuffs will let you wear this headset freely for long hours. Padded with protein foam and made of premium looking eco-leather, the earmuffs and headband will be ideal fit for any sport activity. bluetooth headphones over ear that match perfectly any bag pack with package included premium hard carry pouch. Extendable sides make those over-ear headphones a perfect gift for any occasion for men, women and kids. | 【USB-C Charging & ENDLESS BATTERY LIFE】– Wireless headphones over ear which pairs easily with a single click and ultimate Bluetooth 5.0 connectivity to all Bluetooth enabled devices – iOS, Android, Windows, Mac, Mp3/Mp4, TV etc. Use your bluetooth over ear headphones for weeks without charging with more than 70H battery playtime. Don’t worry if your battery is empty, 3.5mm cable is available anytime for endless audio - noise cancelling wireless and wired headphones. | 【2-YEAR WARRANTY RIGHT HERE FOR YOU】– 45 Money back period and worriless warranty plan that will protect you for the next 2 years! Excellent and friendly customer support which will assist you anytime you need help. USA Phone Support – 12h a day, 7 days a week. Our bluetooth headphones with Type-C Fast charging are here to stay!","{""Product Dimensions"": ""8 x 7 x 3 inches"", ""Item Weight"": ""311 Grams"", ""Batteries"": ""1 C batteries required. (included)"", ""Best Sellers Rank"": {""Electronics"": 43999, ""Over-Ear Headphones"": 1444}, ""Date First Available"": ""July 27, 2022"", ""Manufacturer"": ""PowerLocus"", ""Country of Origin"": ""China"", ""Charging Time"": ""3 Hours"", ""Brand"": ""PowerLocus"", ""Color"": ""Black"", ""Form Factor"": ""Over Ear"", ""Connectivity Technology"": ""Wireless"", ""Wireless Communication Technology"": ""Bluetooth""}",,,,,,,,,
hp-040,Cabor Over Ear Wireless Headphones,29.99,3.7,on_ear,False,20.0,99.8,"Cabor Over Ear Wireless Headphones Behind The Head – Soft Wrap Around Headphones with Microphone, 20-Hour Battery Life, Foldable for Workout, Office, Walking, and Running, Black","[Comfortable on ear headphones] They just sit on top of your ear, letting your ear have access to air unlike earbuds which clogged up your ear, which makes you still be comfortable even for long runs or sessions | [Secure on your head even for heavy sweat] You can enjoy being physically active and sweaty while those headphones wrap your neck perfectly, you can easily wear a hat during the winter months and not worry about them falling while running with those ""wrap around"" style headphones | [Work perfectly in deskwork or walking situations] Wireless headset enables more freedom of movement while participating in online meetings, good combination of sound volume and ambient sound ""leakage"" (you do want to hear some of what is going on around you at some point) | [Refurl into a compact shape when taking them off] It can slip easily into a designated pocket in your backpack, small enough to not be cumbersome, which makes them perfect for traveling | [Hold a charge all day] 300 mAh batteries allow you use them all day long (up to 20 hours) before charging them at night","{""Package Dimensions"": ""3.94 x 3.19 x 1.46 inches"", ""Item Weight"": ""3.52 ounces"", ""Item model number"": ""S21"", ""Batteries"": ""1 Lithium Polymer batteries required. (included)"", ""Best Sellers Rank"": {""Electronics"": 31070, ""On-Ear Headphones"": 591, ""Over-Ear Headphones"": 1123}, ""Is Discontinued By Manufacturer"": ""No"", ""Date First Available"": ""November 2, 2021"", ""Department"": ""unisex-adult"", ""Manufacturer"": ""Shenzhen Shuaixian Electronic Equipment Co., Ltd"", ""Units"": ""1 Count"", ""Number Of Items"": ""1"", ""Brand"": ""Cabor"", ""Model Name"": ""S21"", ""Color"": ""Black"", ""Form Factor"": ""On Ear"", ""Connectivity Technology"": ""Wireless""}",,,,,,,,,
hp-041,BEARTWO Bluetooth Neckband Headphones,31.98,4.1,in_ear,True,16.0,74.0,"BEARTWO Bluetooth Headphones, Upgraded Foldable Wireless Neckband Headset with Retractable Earbuds, Noise Cancelling Stereo Earphones with Mic for Workout, Running, Driving (with Carry Case)","【Updrade Design & Easy Carrying】-Upgrade version of the popular SX-991 Bluetooth headphones with active lifestyle sport yellow, feel more energetic.Unique high-end carrying case protects the Bluetooth headset from damaging and losing. Different sized ear tips with large, medium, and small size of gel eartips ensure comfortable and secure wear in even most intense workout. | 【Call Vibration & Top Sound Quality】-Vibration and voice prompt-when the call is coming, the Bluetooth headset will be with vibration. Will never miss any phone call even you are doing exercise or in noisy place. Latest Bluetooth technology and CVC noise cancellation Built-in mic for stereo sound and superb bass sound, makes calls clear and stable. You will love the awesome sound of these Bluetooth headphones and they are exactly what you are looking for. | 【More & Longer Enjoyment】BEARTWO Bluetooth headphones can provide 18 hours talking time and 16 hours music time helps you enjoy fantastic music for all day continuously during travel and sports. The earphones is easy to use even if these are your first pair of Bluetooth headphones or a gift, they are very easy to setup and they quickly pair with your smart phones and tablets. | 【Ergonomic Neckband & Retractable Earbuds】Ergonomic neckband design, you can wear the headphones on your neck comfort. Retractable Earbuds- a unique design for cable management, no more tangled wire obsession allows you to pull the retractable wire to the length you want and retract when not use. Perfect for long time wearing no matter in outdoor activities or in office. | 【What You Get】BEARTWO offer 24-month product worry-free to make this a zero-risk purchase (If the Amazon return window is closed, please contact our customer service directly) and LIFETIME friendly 7×24 hrs customer service. PACKAGE: 1*BEARTWO Bluetooth Headphones, 1*Micro USB charging cable, 1*Carrying Case, 3*Ear Tips, 1*User Guide.","{""Product Dimensions"": ""6.7 x 6.1 x 1.2 inches"", ""Item Weight"": ""74 Grams"", ""Item model number"": ""SX-990"", ""Batteries"": ""1 Lithium Ion batteries required. (included)"", ""Best Sellers Rank"": {""Electronics"": 42996, ""Earbud & In-Ear Headphones"": 2965}, ""Is Discontinued By Manufacturer"": ""Yes"", ""Date First Available"": ""November 2, 2019"", ""Manufacturer"": ""Shenzhen Keruilong Technology CO.,LTD"", ""Country of Origin"": ""China"", ""Charging Time"": ""3.5 Hours"", ""Units"": ""1 Count"", ""Number Of Items"": ""1"", ""Brand"": ""BEARTWO"", ""Model Name"": ""Earbuds"", ""Color"": ""Grey"", ""Form Factor"": ""In Ear"", ""Connectivity Technology"": ""Wireless""}",,,,,,,,,
hp-042,fojep BX28 Wireless Earbuds,32.39,4.6,in_ear,True,7.0,141.7,"Wireless Earbuds,Ture Wireless Bluetooth 5.3 Earbuds,75H Playtime IPX7 Waterproof Headphones with LED Digital Display & CVC 8.0 Noise Cancelling Mic in-Ear Earphone for iPhone Android","【IPX7 Sweatproof & Ergonomic Design】: The sweatproof sports hearphones use nano-coating to professionally protect the interior from the influence of water and sweat and prolong the service life.The unique earfin design conforms to the ergonomic design, making the running headphones comfortable and fit, even if you exercise vigorously, you don’t have to worry about the headset slipping off. | 【75H Long Playtime & LED Display】:A single charge gives you a full 7 hours of listening, while the charging case for Bluetooth earbuds extends that to 68 hours. The LED display on wireless headphone accurately display the remaining power of earbuds and charging case. The powerful battery allow for all day listening. | 【Superior Sound Quality & Crystal-Clear Call】:The latest Bluetooth 5.3 chipset. It provides faster and more stable signal transmission within 32 feet.The in-ear earbuds use 8mm graphene drivers to give the sound a deep bass and stereo effect. And filter and process ambient noise while having phone calls,microphones capture your clear voice for transmission ,so you will be heard clearer on the other end. | 【One-Step Pairing & Button Control】:Open the wireless earphones charging case they'll automatically connect to the last paired device! By button the Bluetooth earphones to answer/hang up the phone, play/pause, Previous song/next song , volume up/down, and access to other functions, the operation is very simple and convenient. | 【Packing Specifications & After-sales】:BX28 includes a recharging case, wireless earbuds, Type-C charging cable, earplug/earfin × 3 pairs (initial installation M), and instruction manual. If there are any quality problems with the sports headphone during the 180-day warranty period, contact us via Amazon and we will offer you a refund or replacement.","{""Package Dimensions"": ""4.29 x 3.5 x 1.54 inches"", ""Item Weight"": ""5 ounces"", ""Item model number"": ""BX28"", ""Best Sellers Rank"": {""Electronics"": 25815, ""Earbud & In-Ear Headphones"": 2043}, ""Date First Available"": ""October 28, 2022"", ""Manufacturer"": ""fojep"", ""Units"": ""1.0 Count"", ""Number Of Items"": ""1"", ""Brand"": ""fojep"", ""Model Name"": ""BX28"", ""Color"": ""Rose Gold"", ""Form Factor"": ""On Ear"", ""Connectivity Technology"": ""Wireless""}",,,,,,,,,
hp-044,Bluedio H Plus Wireless Bluetooth Headphones,33.99,4.0,on_ear,False,40.0,207.0,"Bluedio H Plus Turbine Wireless Bluetooth 5.0 Stereo Headphones with Mic/Micro SD Card Slot/FM Radio, Black","1.Bluedio 57mm dynamic drivers let you feel the powerful bass in your tunes. | 2.Cool look inspired from turbine which we think can best represent your endless energy. | 3.Up to 40 hours of music time from the latest Bluetooth 5.0 low-power technology. | 4.Support FM broadcast/micro SD card playback of MP3 and WAV audio formats, note: micro SD card not provided. | 5.Simply plug in the audio cable when the battery runs low or connecting to non Bluetooth devices.","{""Product Dimensions"": ""6.69 x 3.07 x 6.89 inches"", ""Item Weight"": ""207 Grams"", ""Item model number"": ""Bluedio H+"", ""Batteries"": ""1 Lithium Polymer batteries required."", ""Best Sellers Rank"": {""Electronics"": 74180, ""On-Ear Headphones"": 1061, ""Over-Ear Headphones"": 2091}, ""Is Discontinued By Manufacturer"": ""No"", ""Date First Available"": ""September 4, 2014"", ""Manufacturer"": ""Guangzhou Liwei Electronics Co., Ltd."", ""Brand"": ""Bluedio"", ""Model Name"": ""1566998"", ""Color"": ""Black"", ""Form Factor"": ""On Ear"", ""Connectivity Technology"": ""Bluetooth""}",,,,,,,,,
hp-045,JBL TUNE 500BT On-Ear Wireless Headphones,34.95,4.6,on_ear,False,16.0,155.0,JBL TUNE 500BT - On-Ear Wireless Bluetooth Headphone - Black,"WIRELESS BLUETOOTH & MULTI-POINT CONNECTIONS: Wirelessly stream high-quality sound from your smartphone without messy cords. Allows you to effortlessly switch from one Bluetooth device to another. | JBL PURE BASS SOUND: Wireless headphone features the renowned JBL Pure Bass sound, which can be found in the most famous venues all around the world. | HANDS FREE CALLS: Easily control your sound and manage your calls from your bluetooth headphones with the convenient 1-button remote with microphone. | UP TO 16 HOUR BATTERY LIFE WITH SPEED CHARGE: For long-lasting fun, listen wirelessly for up to 16 hours and recharge the battery in as little as 2 hours. A quick 5-minute recharge gives you an additional hour of music. | COMFORT FIT DESIGN: The lightweight materials and soft ear cushions with a padded headband make the bluetooth headphones comfortable to wear for extended periods. The foldable design makes it convenient for you to carry your headphones anywhere and anytime you want music. | PLEASE NOTE: Before use please fully charge the headphone with the supplied cable as well as make sure your device is fully updated to the latest Bluetooth version","{""Product Dimensions"": ""8.07 x 1.89 x 8.78 inches"", ""Item Weight"": ""5.47 Ounces"", ""Item model number"": ""JBLT500BTBLKAM"", ""Batteries"": ""1 Lithium Polymer batteries required. (included)"", ""Best Sellers Rank"": {""Electronics"": 33402, ""On-Ear Headphones"": 621}, ""Is Discontinued By Manufacturer"": ""No"", ""Date First Available"": ""March 21, 2019"", ""Manufacturer"": ""JBL"", ""Charging Time"": ""2 Hour"", ""Units"": ""1.0 Count"", ""Number Of Items"": ""1"", ""Brand"": ""JBL"", ""Model Name"": ""JBL TUNE 500BT"", ""Color"": ""Black"", ""Form Factor"": ""On Ear"", ""Connectivity Technology"": ""Bluetooth 4.1""}",,,,,,,,,
hp-046,JVC HAS190BTR Wireless On Ear Headphones,34.99,4.4,on_ear,False,17.0,140.61,"JVC Wireless Lightweight Flat Foldable On Ear Bluetooth Wireless Headband with Mic, Red (HAS190BTR)",Wireless Bluetooth Connectivity | Over 17 hours of playtime from solid state rechargeable battery | Housing Integrated Mic and Remote feature for smartphone | Powered “Bass Boost” function for powerful low frequency response | Flat-foldable design,"{""Product Dimensions"": ""2.36 x 7.09 x 8.27 inches"", ""Item Weight"": ""0.31 Pounds"", ""Item model number"": ""HAS190BTR"", ""Batteries"": ""1 Lithium Ion batteries required."", ""Best Sellers Rank"": {""On-Ear Headphones"": 1915}, ""Is Discontinued By Manufacturer"": ""No"", ""Date First Available"": ""February 9, 2017"", ""Manufacturer"": ""JVCKENWOOD USA Corporation"", ""Units"": ""1.00 Count"", ""Number Of Items"": ""1"", ""Brand"": ""JVC"", ""Model Name"": ""HAS190BTR"", ""Color"": ""Red"", ""Form Factor"": ""On Ear"", ""Connectivity Technology"": ""Bluetooth""}",,,,,,,,,
hp-047,Baseus Bowie WM02+ Wireless Earbuds,35.89,4.3,in_ear,False,50.0,167.1,"Baseus Wireless Earbuds, 50 Hrs Playback Bluetooth 5.3 Anti-Loss Bluetooth Headphones LED Power Display 60ms Low-Latency Fast-Charging in-Ear Earphone for iPhone and Android (Bowie WM02+)","Extraordinary Sound Quality - 3 kinds of premium materials: High molecular composite diaphragm, ultra-light coil, and neodymium magnets, contribute to the outstanding frequency response on all audio spectrum. | Upto 50 Hrs Playback - Your Music All Day Long: When you flip open your Bluetooth earbuds case, it’s always ready for you doesn’t matter if you have been listening for 5 hours or 10 hours during the last session. With the extended total battery life of up to 50 hours, the music will never stop. | LED Power Display - Knowing How Much is Left: Don’t you just hate when walking out of the house and realizing you forgot to charge your wireless earbuds? Baseus smart digital display function let you know real-time battery status, so you’ll never miss charging again. | 0.06s Ultra-Low Latency - 0.06s Ultra-Low Latency: Do not let high latency ruin your experience when playing your favorite video games on laptops or cellphones. Be spontaneous with your characters in games with a super-low video-to-audio latency response of just 0.06s. | Always on the Go - Even if you somehow forget to charge your Bluetooth headphones, don’t worry; the Baseus wireless headphones support fast charging. 10 minutes of charging equals to 2 hours of listening time. And the case can be fully charged in around 1 hour.","{""Package Dimensions"": ""6.14 x 4.25 x 1.57 inches"", ""Item Weight"": ""5.9 ounces"", ""Item model number"": ""Bowie WM02+"", ""Best Sellers Rank"": {""Electronics"": 14148, ""Earbud & In-Ear Headphones"": 1357}, ""Date First Available"": ""March 1, 2023"", ""Manufacturer"": ""Shenzhen Baseus Technology Co., Ltd."", ""Country of Origin"": ""China"", ""Charging Time"": ""1.5 Hours"", ""Number Of Items"": ""1"", ""Brand"": ""Baseus"", ""Model Name"": ""Bowie WM02+"", ""Color"": ""Black"", ""Form Factor"": ""In Ear"", ""Connectivity Technology"": ""Wireless""}",,,,,,,,,
hp-050,esonstyle S22 Over Ear Bluetooth Headphones,38.99,4.3,over_ear,False,30.0,208.0,esonstyle Bluetooth Headphones Over Ear Foldable Wireless and Wired Stereo Headset with Mic Soft Earmuffs Light Weight for Phone TV PC Online Class Home Office (Apricot),"【High Sound Quality】: high-definition stereo Bluetooth headphones using advanced Bluetooth technology combined with unique sound processing technology to bring you deep bass and crystal clear highs, whether you are in a noisy or quiet environment, you can immerse yourself in the immersive music. | 【Stable Bluetooth Wireless Connection】Updated 5.0 Bluetooth Connection With Lower Latency:wireless headphone give us more freedom while enjoying music movie podcast;But it’s annoying if keeps audio stutter or delay;We use the latest bluetooth version which provides stabler connection and lower latency for your smoothly listening experience. | 【Wireless and Wired Headphones】: over-ear Bluetooth headphones can use a Bluetooth connection, compatible with most of the Bluetooth devices on the market connection, even if your device does not have Bluetooth, these on-ear headphones can also be used as a wired headphone, we give you a 3.5mm audio cable, you can just plug in to use, to meet your needs of a variety of scenarios | 【Comfortable】:Foldable Lightweight Headphones Over Ear: foam padded adjustable headband and professional-grade protein ear-pads that will not cause your ear get hot or pain after long time wearing;We konw the comfort also plays a big role in how often and for how long you will want to use a over ear headphone. Soft ear cushions made of memory protein earmuffs material, with breathable, waterproof, wear-resistant and other functions, even if you wear a full day also feel very comfortable. | 【 Long Play Time & Fast Charging】: headphones wireless have a built-in high-capacity battery, a single full charge （which takes 1.5-2 hours) can be used up to 30 hours of playback time, you can also use the audio cable into wired headphones, never worry about running out of power.(Please Note:the microphone function will be disabled under wired connection mode)","{""Product Dimensions"": ""5.51 x 3.54 x 6.3 inches"", ""Item Weight"": ""208 Grams"", ""Item model number"": ""S22"", ""Batteries"": ""1 Lithium Polymer batteries required."", ""Best Sellers Rank"": {""Electronics"": 46298, ""Over-Ear Headphones"": 1512}, ""Date First Available"": ""July 22, 2020"", ""Manufacturer"": ""esonstyle"", ""Country of Origin"": ""China"", ""Charging Time"": ""2 Hours"", ""Units"": ""1 Count"", ""Number Of Items"": ""1"", ""Brand"": ""Esonstyle"", ""Model Name"": ""S22"", ""Color"": ""Apricot"", ""Form Factor"": ""Over Ear"", ""Connectivity Technology"": ""Wireless, Wired""}",,,,,,,,,
hp-051,Ulacici U20 Active Noise Cancelling Headphones,39.31,4.3,over_ear,True,40.0,188.0,"Active Noise Cancelling Headphones,Wireless Bluetooth Headphones Built-in Mic 40 Hours Playtime Wireless Noise Cancelling Headphone 3D Low Bass Tone Fast Charge for Cellphone/Work/Gym/TravelComputers","Advanced ANC technology: Bluetooth noise cancelling headphones adopts the latest noise reduction technology, which is a combination of active noise reduction and passive noise reduction. One touch to turn on the ANC function,when the indicator light is on,bluetooth headphones noise canceling can detect and cancel a wider range of low-mid and low-frequency noise, providing you with excellent sound performance - clear high and low bass. | 40H Playtime: Over-ear headphones work for 2 hours after 5-10 minutes of fast charging via USB-C, and you can get up to 40 hours of wireless battery life on a single charge. | Foldable and Portable Sound Cancelling Headphones: Noise cancellation headphones weigh 0.41l pound. You can fold headphones into a smaller volume and then put them in a travel bag to take with you wherever you go. | Bluetooth Microphone:Noise cancelling bluetooth headphones can be connected to different electronic devices. Wireless over the ear headphones built-in microphone allows for hands-free, clear phone communication. | Comfortable Ear Muffs: Noise cancelling headphone are designed for long-term comfort. Soft and comfortable protein ear cushions with improved air permeability and a unique ergonomic fit provide a tight fit in the ears for better sound and full sound immersion.Ulacici bluetooth wireless headphones are ideal for adults, teenagers at home, office, school, travel and sports.","{""Product Dimensions"": ""6.41 x 3 x 7.8 inches"", ""Item Weight"": ""188 Grams"", ""Batteries"": ""1 Lithium Ion batteries required."", ""Best Sellers Rank"": {""Electronics"": 49744, ""Over-Ear Headphones"": 1582}, ""Date First Available"": ""October 21, 2021"", ""Manufacturer"": ""Ulacici"", ""Units"": ""1 Count"", ""Number Of Items"": ""1"", ""Brand"": ""Ulacici"", ""Model Name"": ""Ulacici U20"", ""Color"": ""Black"", ""Form Factor"": ""Over Ear"", ""Connectivity Technology"": ""Bluetooth 5""}",,,,,,,,,
hp-052,JLab Studio Pro Bluetooth Wireless Over-Ear,39.88,4.2,over_ear,False,50.0,289.2,JLab Studio Pro Bluetooth Wireless Over-Ear Headphones | 50+ Hour Bluetooth 5 Playtime | EQ3 Sound | Ultra-Plush Faux Leather & Cloud Foam Cushions | Track and Volume Controls (Slate),"50+ HOURS BLUETOOTH PLAYTIME: Tune out with a long 50+ hours of wireless playtime via Bluetooth 5. A simple set-up and you can GO all day without anything stopping you. | CLOUD FOAM COMFORT: Form-Fit Earcups are ergonomically shaped to the natural outline of the ear. The 1” Cloud Foam cushions and adjustable hinges further customize your comfort for any travel, workout or commute. | CUSTOM EQ3 SOUND: Choose the sound that matches your personal preferences with JLab Signature, Balanced and Bass Boost modes — without an app. | MUSIC TO-GO: Built for everyone, the Form-Fit Earcups with smooth-sliding metal adjustments and feather-light build are ready to hit the road. Fold them up in the palm of your hand so you can bring them wherever life takes you, while traveling or lounging. | TOTAL CONTROL: Control all of your music via earcup. Play, pause, change tracks, and adjust volume with built-in buttons for easy on-the-go use. Answer and hang up calls with the built-in microphone. Activate your voice assistant or use universal mic + volume and track control to choose how you want to listen.","{""Package Dimensions"": ""8.39 x 6.5 x 3.39 inches"", ""Item Weight"": ""10.2 ounces"", ""Item model number"": ""STUDIOPROBT-PARENT"", ""Batteries"": ""1 Lithium Polymer batteries required. (included)"", ""Best Sellers Rank"": {""Electronics"": 20914, ""Over-Ear Headphones"": 871}, ""Is Discontinued By Manufacturer"": ""No"", ""Date First Available"": ""August 2, 2021"", ""Manufacturer"": ""JLab"", ""Country of Origin"": ""China"", ""Charging Time"": ""3 Hours"", ""Number Of Items"": ""1"", ""Brand"": ""JLab"", ""Model Name"": ""Studio Pro Bluetooth"", ""Color"": ""Slate"", ""Form Factor"": ""Over Ear"", ""Connectivity Technology"": ""Wireless""}",,,,,,,,,
hp-053,FXDTECH Wireless Earbuds,39.97,4.6,in_ear,True,5.5,3.5,"Wireless Earbuds,Bluetooth Headphones,HiFi Sterero Auto Pairing Earphones with Mic &Charging Case & 36H Playtime,IP7 Waterproof Noise Cancellation Bluetooth Ear buds for iPhone/Samsung/AirPods/workout","🎀【Pop-ups Auto Pairing & Smart Touch Control 】 Just take wireless earbuds out from magnetic charging case and the earbuds will automatically turn on and connect to your device. With a simple touch control, the earphone is very easy to operate. Please enjoy your music without any pressure. | 🌈【Quick Charging Box With 36 Hrs Playtime】The portable small charging box has large capacity lithium batteries, allowing you to enjoy more than 5-6 hours of uninterrupted music or talk time after each individual charge. The wireless earbuds can be fully charged for about 4 times, and the charging station only takes 45 mins to fully charged. | 🌞【Wearing Comfortable & IPX7 Waterproof】With the ergonomic design ,the wireless earbuds will perfectly fit your ears and not easy to fall off. With the weight of 3.5g each and IPX7 waterproof, sweatproof design, our lightweight mini earphones are the best choice for Sports, Workout, Running, Jogging, and Gym Exercise. Don't worry about your sweat will damage it. | 👍【Latest Bluetooth & Hi-Fi Sterero Sound Quality】Our wireless earbuds adopt advanced Bluetooth technology, which provides fast and stable transmission in 33ft-50ft bluetooth range. With built-in high-quality audio chip, it catches every details of music and transmits rich sounds. The CVC 8.0 noise cancellation technology reduces ambient noise and echo, ensure the Hi-Fi sound of earbuds is clear. | 🎁【12 MONTHS WARRANTY】 You have made an excellent choice by opting for our wireless earbuds. We have a 365-day warranty. If you have any problems, please feel free to contact us. Our friendly customer support team will reply you within 24 hours.","{""Item model number"": ""blanco 12"", ""Best Sellers Rank"": {""Electronics"": 28786, ""On-Ear Headphones"": 562, ""Earbud & In-Ear Headphones"": 2205}, ""Date First Available"": ""May 6, 2023"", ""Manufacturer"": ""FXDTECH"", ""Number Of Items"": ""1"", ""Brand"": ""FXDTECH"", ""Model Name"": ""Air Buds"", ""Color"": ""White pro 2"", ""Form Factor"": ""In Ear"", ""Connectivity Technology"": ""Wireless""}",,,,,,,,,
hp-055,SOUL S-Nano True Wireless Earbuds,39.99,4.1,in_ear,False,5.5,10.0,"SOUL New S-Nano True Wireless Earbuds - in Ear Headphones, Ultra Portable, Bluetooth, IPX5 Waterproof, Transparency Mode - Lime","Experience True Freedom with Our Ultra Portable True Wireless Earbuds - the Smallest on the Market! | Make a Statement with Our Small in Size. Big on Color Earbuds, Available in 6 Trendy Shades to Match Your Style and Mood. | Keep the Music Going All Day with 5.5 Hours of Playtime on a Single Charge, and Up to 24 Hours with the Charging Case. | Stay Aware of Your Surroundings with Audio Transparency Mode, Which Amplifies Ambient Sound for Added Safety. | Take Your Earbuds Everywhere with the Included Luxury Soul Branded Carabiner - They're Always with You!","{""Product Dimensions"": ""0.39 x 0.39 x 2.05 inches"", ""Item Weight"": ""10 Grams"", ""Item model number"": ""SS60LM"", ""Batteries"": ""1 Lithium Ion batteries required. (included)"", ""Best Sellers Rank"": {""Electronics"": 94003, ""Earbud & In-Ear Headphones"": 5307}, ""Date First Available"": ""November 18, 2020"", ""Manufacturer"": ""SOUL"", ""Brand"": ""SOUL"", ""Model Name"": ""S-NANO"", ""Color"": ""Lime"", ""Form Factor"": ""In Ear"", ""Connectivity Technology"": ""Wireless""}",,,,,,,,,
hp-056,Phiaton BT 390 On Ear Wireless Headphones,39.99,3.3,on_ear,False,30.0,142.1,"Phiaton BT 390 on Ear Hi-Fi Stereo Wireless Bluetooth Headphones, Foldable, Noise Isolation, EverPlay-X Wireless Headset, 30 Hours Play Time, with Deep Bass Stereo and Mic, Black","EXTRA LONG BATTERY AND WARRANTY: Listen to music, videos, audio books or podcasts wirelessly for up to 30 hours of non-stop continuous play. One Year Warranty backed by a US based customer service team ensures peace of mind long after the return period expires. | FULL CONTROL: Easy to use, multi-function remote control buttons along with a built-in microphone on the earpads allow you to wirelessly answer and control your tunes or phone calls on your cell | FOLD-AND-GO: Compact, light and easily foldable design allows for convenient transportation for travel or wherever your music takes you | BACK-UP POWER: Everyplay-X technology allows you to continue calling or listening to your music even if the battery runs out | FRIEND OR PARTNER SHARING: Integrated multipoint bluetooth connection enables two devices to be connected at the same time","{""Product Dimensions"": ""5.91 x 6.89 x 2.56 inches"", ""Item Weight"": ""5 ounces"", ""Item model number"": ""PPU-BH0390BK01"", ""Batteries"": ""1 Lithium Polymer batteries required."", ""Best Sellers Rank"": {""Electronics"": 430818, ""On-Ear Headphones"": 4444}, ""Is Discontinued By Manufacturer"": ""No"", ""Wireless communication technologies"": ""Bluetooth"", ""Connectivity technologies"": ""Wireless, Bluetooth 4.1"", ""Special features"": ""Gift"", ""Other display features"": ""CE"", ""Human Interface Input"": ""Buttons"", ""Audio Jack"": ""3.5 mm Jack"", ""Form Factor"": ""On Ear"", ""Color"": ""Black"", ""Whats in the box"": ""USB Cable"", ""Department"": ""unisex-child"", ""Manufacturer"": ""Phiaton"", ""Date First Available"": ""March 9, 2018"", ""Weight"": ""142.1 Grams"", ""Brand"": ""Phiaton"", ""Model Name"": ""BT390BK"", ""Connectivity Technology"": ""Wireless, Bluetooth 4.1""}",,,,,,,,,
hp-067,ZIHNIC Active Noise Cancelling Wireless Headphones,59.99,4.4,over_ear,True,40.0,240.0,"ZIHNIC Active Noise Cancelling Headphones, 40H Playtime Wireless Bluetooth Headset with Deep Bass Hi-Fi Stereo Sound,Comfortable Earpads for Travel/Home/Office (Rose Gold)","1.Active Noise Cancelling Technology: Zihnic wireless headphones can effectively reduces the ambient noise in low and mid-range frequency, such as city traffic, airplane cabin. You can enjoy the immersive music experience in a quiet and peaceful environment for on the subway, the bus, or the plane. | 2.Immersive Sound & Deep Bass: equipped with 40mm large-aperture drivers, the ANC headphones can deliver Hi-Res audio sound and cultivating deep bass for you. More subtle detail of sounds would be noticed, the wireless headsets try to bring out the best sound performance. | 3.Superior Built-in Microphone with Bluetooth 5.0 : Zihnic headphone comes with a built-in microphone, which ensures better sound quality for hands-free calls. It has wider Bluetooth compatibility, most of Bluetooth devices could be connected fast, and it offers stable connection within 33 feets(10m) distance. All these help you get rid of wire hassle while listening music or calling. | 4.Memory Foam Earpads & Adjustable Design: The earcups are made from durable and skin-friendly protein leather and memory foam cushions. It wraps tenderly and firmly over your ear which makes you feel no pressure. The headphone is lightweight, adjustable, and the earcups can be swiveled 90° so as to find the best angle. | 5.40 Hours Playtime with Quick Charging: The ANC headphone supports you to enjoy music for all day long with 700mAh large battery capacity. Don't need to worry the power running out problem, it is absolutely the best partner for your long travel. The charging is pretty fast, the headphone gets fully charged with only 1.5 hours. Tips: 12-month warranty, 24 hours after-sale customer services and quick response. Don’t hesitate to contact us.","{""Product Dimensions"": ""7 x 3 x 6 inches"", ""Item Weight"": ""240 Grams"", ""Item model number"": ""PN-9"", ""Batteries"": ""1 Lithium Polymer batteries required. (included)"", ""Best Sellers Rank"": {""Electronics"": 3833, ""Over-Ear Headphones"": 215}, ""Date First Available"": ""August 31, 2021"", ""Manufacturer"": ""zihnic"", ""Country of Origin"": ""China"", ""Charging Time"": ""1.5 Hours"", ""Units"": ""1 Count"", ""Number Of Items"": ""1"", ""Brand"": ""ZIHNIC"", ""Model Name"": ""PN-9"", ""Color"": ""Rose"", ""Form Factor"": ""Over Ear"", ""Connectivity Technology"": ""Wireless, Bluetooth""}",,,,,,,,,
hp-068,Silensys E7 PRO Active Noise Cancelling Headphones,64.98,4.4,over_ear,True,30.0,447.8,"Silensys E7 PRO Active Noise Cancelling Headphones Bluetooth Headphones with Microphone Deep Bass Wireless Headphones Over Ear, Comfortable Fit, 30H Playtime for TV/Computer/Cellphone, Black","Active Noise Cancelling ANC: Advanced ANC technology significantly reduce aviation, crowded and noisy environment. Get away from distracting sounds, and immerse yourself into your ideal music, movies, audiobooks or videos. You can finally listen to what you want to hear and focus on YOU! The noise cancelling feature operates smoothly in both wired and wireless modes. | Custom 45mm Large Aperture Drivers: Make the world sound better has always been the central focal point of our audio engineering. From 75dB to 85dB our E7 PRO Noise cancelling headphones have powerful drivers and produce superior sounds with crystal crisp clarity with a well-balanced deep bass response for any type of music you love. | Light Weight and All-day Comfort: With Natural restful protein earpads, you will be able to experience marshmallow like softness texture on the headband and ear cushions. The durable 90 degree rotating earcups, makes it easy to adjust the headphone to your preferred fit for all-day comfort. Reminder: It is highly recommended to remove headphones every 1-2 hours, so your ears can relax for a pleasant hearing experience. | Superior Built-in Microphone and 5.0 Bluetooth: E7 PRO offers high quality built-in microphone for crystal clear hands-free calls and efficient stable Bluetooth connections. Now you can experience true wireless freedom. Making it possible to have clear sounds during your hands-free conversations. | Keep the Music Going: With 30Hours playtime with a powerful energy reserve point, you can now enjoy 30 hours of non-stop music, videos, or movies in Bluetooth mode for long-haul flights or travel with a single full charge. You do not need to worry about your headphones powering off mid-flight/mid-trip. 18-Months Worry Free Warranty for this item purchased in NEW Condition. Our dedicated Customer Service Team will provide you with friendly services and quick resolution.","{""Product Dimensions"": ""8.27 x 7.88 x 2.25 inches"", ""Item Weight"": ""15.8 ounces"", ""Item model number"": ""E7 Pro Noise Cancelling Headphones"", ""Batteries"": ""Lithium Ion batteries required."", ""Best Sellers Rank"": {""Electronics"": 11712, ""Over-Ear Headphones"": 521}, ""Is Discontinued By Manufacturer"": ""No"", ""Date First Available"": ""August 27, 2021"", ""Department"": ""Noise cancelling headphones"", ""Manufacturer"": ""Silensys"", ""Country of Origin"": ""China"", ""Units"": ""1 Count"", ""Number Of Items"": ""1"", ""Brand"": ""Silensys"", ""Model Name"": ""E7 Pro Noise Cancelling Headphones"", ""Color"": ""Black"", ""Form Factor"": ""Over Ear"", ""Connectivity Technology"": ""Wireless, Headphones Bluetooth, Bluetooth 5.0""}",,,,,,,,,
hp-071,Happy Plugs Air 1 Zen,79.99,3.4,in_ear,False,6.0,379.9,Happy Plugs Air 1 Zen – Fashion & Premium True Wireless in-Ear Earbuds – 30 Hours Battery Life – Passive Noise Cancellation - Mint,"HIGH QUALITY AUDIO – Amazing bass experience together with the latest Bluetooth 5.2 technology will bring you an astonishing sound quality | LONG LASTING BATTERY – Enjoy 6 hours of non-stop battery usage and up to 30 hours autonomy with its included fast charging USB-C case | GET HEARD – Thanks to its outstanding 4 microphones (2 on each earbud), be assured to enjoy the best communication experience possible! | STAY ACTIVE – The earbuds are sweat and splash resistant, so you'll never have to worry about a rainy commute, intense run or workout | ♻️ YOUR ECO-FRIENDLY PACKAGING ♻️ Made of recycled plastic and molded paper pulp, it’s 100% recyclable! What’s in the box? Happy Plugs AIR 1 ZEN earphones, charging case, USB to USB-C charging cable, 6 sizes silicone ear-tips, manual & warranty information","{""Package Dimensions"": ""4.41 x 4.33 x 2.05 inches"", ""Item Weight"": ""13.4 ounces"", ""Item model number"": ""AIR 1 ZEN MINT"", ""Batteries"": ""1 Lithium Ion batteries required. (included)"", ""Best Sellers Rank"": {""Electronics"": 342098, ""Earbud & In-Ear Headphones"": 18212}, ""Is Discontinued By Manufacturer"": ""No"", ""Date First Available"": ""October 6, 2020"", ""Manufacturer"": ""Air 1 Zen - Mint"", ""Brand"": ""Happy Plugs"", ""Color"": ""Mint"", ""Form Factor"": ""In Ear"", ""Connectivity Technology"": ""Wireless"", ""Wireless Communication Technology"": ""Bluetooth""}",,,,,,,,,
hp-072,Philips Wireless Headphones for TV Watching,89.99,3.8,over_ear,True,18.0,238.14,"Philips Wireless Headphones for TV Watching with Home Cinema Sound and Low Latency, TV Headphones Wireless with Bluetooth USB Transmitter Over The TV Ear Bluetooth Headphone Easy to use, 18h Playtime","PASSIVE NOISE CANCELLING: Perfectly covering your ears, this headphone is designed to bring you deep into your favourite movies and series. You will hear sound effects and dialogue in perfect time with what's happening on screen. On first use, simply press the dongle to pair | SEAMLESS BLUETOOTH CONNECTION: Our bluetooth wireless headphones is super-stable. A low-latency Bluetooth connection ensures that you won't have syncing issues that can occur when watching TV with wireless headphones | PLAY TIME: Our headphones provide over 18h of usability and a quick charge of 15 minutes provides 2h of play time - great for watching series and movies! | COMFORTABLE DESIGN: Designed to fit various head shapes perfectly - our full size cushions have an over-ear fit for great passive noise isolation will give you the most comfortable sound experience while watching TV, made of lightweight aluminium | DELIVERY: These foldable headphones come with a case for easy storage, a USB-C cable and audio cable. Did you know? The 'Philips Headphones App' lets you adjust the level of noise cancellation by switching between preset ANC modes | Connector Type: USB Type C | Included Components: Quick Start guide | Power Source Type: Battery-Powered","{""Product Dimensions"": ""3.74 x 6.93 x 8.66 inches"", ""Item Weight"": ""8.4 Ounces"", ""Item model number"": ""8850"", ""Best Sellers Rank"": {""Electronics"": 47222, ""Over-Ear Headphones"": 1540}, ""Is Discontinued By Manufacturer"": ""No"", ""Date First Available"": ""November 11, 2019"", ""Manufacturer"": ""Philips"", ""Units"": ""1.0 Count"", ""Number Of Items"": ""1"", ""Brand"": ""PHILIPS"", ""Model Name"": ""Wireless On-Ear Headphones"", ""Color"": ""Black"", ""Form Factor"": ""Over Ear"", ""Connectivity Technology"": ""Wireless""}",,,,,,,,,
hp-073,JBL Tune 130NC TWS True Wireless In-Ear,99.95,4.2,in_ear,True,8.0,52.0,"JBL Tune 130NC TWS True Wireless In-Ear Noise Cancelling Headphones - Black, Small","JBL Pure Bass Sound: Smartly designed 10mm drivers enhanced by the Dot form factor deliver JBL's Pure Bass Sound so you'll feel every pulsing beat. | Product Note : If the size of the earbud tips does not match the size of your ear canals or the headset is not worn properly in your ears, you may not obtain the correct sound qualities or call performance. Change the earbud tips to ones that fit more snugly in your ears, Charging time - 2 Hrs | Active Noise Cancelling with Smart Ambient: Hear more of what you want, less of what you don't. Active Noise Cancelling technology with 2 mics lets you minimize audio distractions. With Ambient Aware, you can tune into your surroundings at any time so that you feel safer when you're out in the world, while TalkThru lets you stop for a quick chat without having to remove your headphones. | 4 mics for perfect calls: Enjoy hassle-free, hands-free calls in stereo. the Tune 130NC TWS are equipped with 4 microphones, so you'll always be heard with perfect clarity. Never hesitate to take or make a call again. | Up to 40 hours of battery life: Never miss a beat with 40 (10 plus30) hours of battery life or 8 hours, plus 24 hours in the case when noise cancelling is engaged. Need a boost. Speed Charge for just ten minutes to get 2 hours of playtime. | Water resistant and sweatproof: Don't be deterred by bad weather. Thanks to IPX4 water resistance and sweatproofing, there isn't a workout or downpour the Tune 130NC TWS can't handle.","{""Product Dimensions"": ""1.06 x 0.79 x 0.79 inches"", ""Item Weight"": ""52 Grams"", ""Item model number"": ""JBLT130NCTWSBAM"", ""Batteries"": ""2 Lithium Polymer batteries required. (included)"", ""Best Sellers Rank"": {""Electronics"": 1717, ""Earbud & In-Ear Headphones"": 277}, ""Is Discontinued By Manufacturer"": ""No"", ""Date First Available"": ""October 13, 2021"", ""Manufacturer"": ""JBL"", ""Country of Origin"": ""China"", ""Charging Time"": ""2 Hour"", ""Units"": ""1.0 Count"", ""Number Of Items"": ""1"", ""Brand"": ""JBL"", ""Model Name"": ""JBL Tune 130NC TWS True Wireless In-Ear Noise Cancelling Headphones"", ""Color"": ""Black"", ""Form Factor"": ""In Ear"", ""Connectivity Technology"": ""Wireless, Bluetooth""}",,,,,,,,,
hp-075,H2O Audio TRI Multi-Sport Waterproof Bone Conduction,99.99,3.2,on_ear,False,6.0,32.0,"H2O Audio TRI Multi-Sport Waterproof Bone Conduction Headphones, Bluetooth Open Ear Headphones with Built-In MP3 Player -up to 6-Hour Battery Life, 8 GB -For Swimming, Running, Cycling, Hiking (Black)","Multi-Sport Waterproof Headphones - Enjoy your music in and out of the water with our breakthrough Bluetooth bone conduction headphones with a built-in MP3 player. It securely fits around your head for a wireless experience as you run or swim. | Bone Conduction Technology - These open-ear headphones direct sound vibrations to the head and jaw bones, letting you enjoy music without blocking sounds from your surroundings. The battery offers up to 6 hours of playtime – ideal for triathletes. NOTE: Battery Life varies based on volume level and mode. | 100% Waterproof and Sweatproof - These headphones can withstand submersion to 12 feet (3.6 meters) under water. Our waterproof rating is IPX8, the highest in the industry. Feel inspired by your favorite music as you work out, rain or shine. | Built-In MP3 Player - Transferring music from your computer to these over-ear bone conduction headphones is a breeze with the micro-USB cable provided. With its 8 GB of memory, you can listen to hundreds of songs in most music formats. | Stream Music from Your Device - Bluetooth connection lets these headphones sync with your smartphone or music-enabled smartwatch to play podcasts, audiobooks, and playlists as you train. (Note that Bluetooth range underwater is only a few inches.)","{""Package Dimensions"": ""5.43 x 4.45 x 1.93 inches"", ""Item Weight"": ""32 Grams"", ""Item model number"": ""H2O-TRI"", ""Batteries"": ""1 Lithium Polymer batteries required. (included)"", ""Best Sellers Rank"": {""Electronics"": 12322, ""Earbud & In-Ear Headphones"": 1207}, ""Date First Available"": ""August 17, 2022"", ""Manufacturer"": ""H2O Audio"", ""Country of Origin"": ""China"", ""Number Of Items"": ""1"", ""Brand"": ""H2O Audio"", ""Model Name"": ""H2O TRI Multi-Sport"", ""Color"": ""Black"", ""Form Factor"": ""On Ear"", ""Connectivity Technology"": ""Wireless""}",,,,,,,,,
hp-076,Raycon The Work Earbuds,99.99,4.0,in_ear,True,32.0,229.6,Raycon The Work Earbuds Bluetooth Wireless Earphones with Microphone- Stereo Sound in-Ear Bluetooth Headset True Wireless Earbuds with 32 Hours of Battery Life (Rose Gold),"🎧 Focus on what inspires you: Tune out outside noises and make what matters most a priority. With active noise-cancelling technology and 6 microphones, make yourself loud and clear on calls and video chats | 🎧 Speak your goals into reality: 6 Vivid Voice microphones separate your voice from the background so all your calls are clear, no matter where you're getting work done | 🎧 Hear what you want, when you want: Advanced Active Noise Cancellation blocks unwanted background noise for better focus. Awareness mode allows you to hear others while still enjoying your podcasts and music, making your everyday full of sound | 🎧 Part of your fit: Memory Foam Gel tips that fits all-day work comfort for your business-casual needs. Snug in your ear so that you don't have to worry about them falling while you're on the go. Your work speaks for itself | 🎧 All in one: With wireless charging, you don't have to worry about cords tangling up. As a package we provide charging cables, gel tips of every size, and an IPX rating of five, you can bet your earbuds will be your best buddy throughout your day | The Raycon Limited Warranty only covers manufacturer’s defects for up to the first year the device's purchase date. These include: Volume imbalance, Pairing issues, Charging issues Broken piece (not caused by normal wear), Single-play issues.The warranty excludes defects or damage to the product resulting from; normal wear and tear, neglect, misuse, accident, improper application, or any other customer-induced damage; unauthorized repair or modification by customer or third party; shipping damage occurring while the product is in transit; or any other conditions whatsoever that are beyond the control of the company.","{""Package Dimensions"": ""6.57 x 4.13 x 2.3 inches"", ""Item Weight"": ""8.1 ounces"", ""Item model number"": ""RBE785-ROS"", ""Batteries"": ""3 Lithium Ion batteries required. (included)"", ""Best Sellers Rank"": {""Electronics"": 22707, ""Earbud & In-Ear Headphones"": 1874}, ""Date First Available"": ""February 8, 2021"", ""Manufacturer"": ""Raycon"", ""Country of Origin"": ""China"", ""Units"": ""1.0 Count"", ""Number Of Items"": ""1"", ""Brand"": ""Raycon"", ""Model Name"": ""The Work Earbuds - Rose Gold"", ""Color"": ""Rose Gold"", ""Form Factor"": ""In Ear"", ""Connectivity Technology"": ""Wireless, Bluetooth""}",,,,,,,,,
hp-077,EKSA Truck Driver Bluetooth Headset,99.99,4.1,over_ear,True,30.0,379.5,"EKSA Truck Driver Bluetooth Headset with Microphone, Environmental Noise Cancelling Wireless Headphone, 99ft Long Wireless Range, Up to 30 Hours of Talk Time, Ultra-Large Soft Earmuff Trucker Headset","▶ 【World-Class Environmental Noise Cancelling Headset】EKSA Bluetooth wireless headphones adopt environmental noise cancelling chipset technology, monitor the background noise and instantly produce an opposite signal, eliminating up to 99. 6% unwanted disruptive noise. Designed for truckers, call centers, construction sites and warehouses, etc. | ▶【99ft Ultra-Long Wireless Connection】This Bluetooth Trucker Headset with microphone features a long wireless operating range up to 99 feet/30 meters away for better connectivity, fast transmission and better stability. The Bluetooth headphones with a microphone can pair with 2 devices at the same time, ideal for switching between listening to music and clear calls. | ▶【30 Hours Talking Time & Mute Button】Keep talking all day with a battery that's built to go the distance. This massive rechargeable battery supports up to 30 hours of talk time and 57 hours of continuous music time, and it charges fully in just 1.5 hours. Power display can help check the power status of the truck driver headset on the phone. Just pressing the mute button on the microphone, you can easily mute your voice during a call. | ▶ 【Trucker Bluetooth Headset for Left or Right Ear】The 270° rotatable mic is reversible so that you can use this Bluetooth over ear headset on your left or right ear. The microphone stalk is flexible that you can easily adjust the microphone to the perfect angle to capture your louder & clearer voice without any issues. | ▶ 【Extremely Comfortable & 24-Month Support】Trucker headset features an ultra-large soft earmuff, which is removable and easy to clean. The adjustable headband can reduce the pressure on your head and fit most head sizes. If this Bluetooth headset cannot work well or has any quality problems, please kindly contact us to replace it at any time. You can enjoy a 24-month service for a pleasant shopping experience.","{""Product Dimensions"": ""7.87 x 7.09 x 3.54 inches"", ""Item Weight"": ""13.4 ounces"", ""Item model number"": ""H1"", ""Batteries"": ""1 Lithium Ion batteries required."", ""Best Sellers Rank"": {""Electronics"": 51916, ""Over-Ear Headphones"": 1651}, ""Date First Available"": ""August 30, 2021"", ""Manufacturer"": ""EKSA"", ""Charging Time"": ""1.5 Hours"", ""Units"": ""1 Count"", ""Number Of Items"": ""1"", ""Brand"": ""EKSA"", ""Model Name"": ""Trucker"", ""Form Factor"": ""Over Ear"", ""Connectivity Technology"": ""Wireless"", ""Wireless Communication Technology"": ""Bluetooth""}",,,,,,,,,
hp-078,Soundcore by Anker Life Q35,99.99,4.5,over_ear,True,40.0,272.2,"Soundcore by Anker Life Q35 Multi Mode Active Noise Cancelling Headphones, Bluetooth Headphones with LDAC for Hi Res Wireless Audio, 40H Playtime, Comfortable Fit, Clear Calls, for Home, Work, Travel","Gold Standard of Sound: Custom silk-diaphragm drivers accurately reproduce music across a wider frequency range and cut out distortion to deliver sound that’s both Hi-Res Audio and Hi-Res Audio Wireless certified. | LDAC Technology: 3 times more data is transmitted to Life Q35 active noise cancelling headphones than via standard Bluetooth codecs. This lossless transfer ensures you hear every tiny detail in the music. | Multi-Mode Noise Cancelling: 2 microphones on each earcup detect and filter out distracting noises in your vicinity. Switch between Transport, Outdoor, and Indoor modes for a tailored noise cancelling experience. | Comfortable and Convenient: Life Q35 active noise cancelling headphones can be worn all day thanks to their lightweight build and memory foam padded earcups and headband. A built-in sensor detects when they’re removed from your ears and instantly pauses the audio. | AI-Enhanced Calls: The beamforming microphones on Life Q35 active noise cancelling headphones pick up your voice with incredible accuracy by using an AI algorithm that’s been tested thousands of times. Calls sound crisp, clear, and free of unwanted noise.","{""Product Dimensions"": ""6.5 x 3.35 x 7.4 inches"", ""Item Weight"": ""9.6 Ounces"", ""Item model number"": ""A3027011"", ""Batteries"": ""2 Lithium Polymer batteries required."", ""Best Sellers Rank"": {""Electronics"": 2101, ""Over-Ear Headphones"": 128}, ""Date First Available"": ""July 1, 2021"", ""Manufacturer"": ""Anker"", ""Units"": ""1.0 Count"", ""Number Of Items"": ""1"", ""Brand"": ""Soundcore"", ""Model Name"": ""Q35"", ""Color"": ""Black"", ""Form Factor"": ""Over Ear"", ""Connectivity Technology"": ""Bluetooth""}",,,,,,,,,
hp-081,JVC HAS90BNB Wireless Noise Canceling Over Ear,148.5,3.5,over_ear,True,35.0,249.5,"JVC Wireless Noise Canceling Over Ear Headphones, Bluetooth, Instant paring with NFC Technology - HAS90BNB, Black, One Size","WIRELESS - Bluetooth Connectivity | NOISE CANCELING - Noise reduction for travel, work and anywhere in between | LONG BATTERY LIFE - Solid state rechargeable battery provides Max 35 hours of playtime | EASY PARING - NFC for easy pairing with your smart device | EASY TO CARRY - Flat-foldable design with carrying pouch. | Included Components: 1 Headphone Set. 3 selectable sound modes (Normal/Bass/Clear) | 1 Each | Included Components: 1 Headphone Set | 1 Each","{""Product Dimensions"": ""3.15 x 7.48 x 10.24 inches"", ""Item Weight"": ""8.8 ounces"", ""Item model number"": ""HAS90BNB"", ""Batteries"": ""1 Lithium Ion batteries required."", ""Best Sellers Rank"": {""Electronics"": 378610, ""Over-Ear Headphones"": 7674}, ""Is Discontinued By Manufacturer"": ""No"", ""Date First Available"": ""April 17, 2017"", ""Manufacturer"": ""JVCKENWOOD USA Corporation"", ""Units"": ""1.00 Count"", ""Number Of Items"": ""1"", ""Brand"": ""JVC"", ""Model Name"": ""HAS90BNB"", ""Color"": ""Black"", ""Form Factor"": ""Over Ear"", ""Connectivity Technology"": ""Bluetooth""}",,,,,,,,,
hp-082,Sony MDR-RF985RK Wireless RF Headphones,149.0,4.2,over_ear,False,25.0,298.4,"Sony MDRRF985RK Wireless RF Headphone, Black",Wireless FM headphones for cord-free listening. Connectivity Technology: Wireless | 40mm driver units for expressive sound | Easy-adjust headband for long term comfort | Noise reduction system for minimal transmission noise | Automatic tuning for optimum signal reception,"{""Product Dimensions"": ""3.87 x 4.25 x 8.62 inches"", ""Item Weight"": ""0.66 Pounds"", ""Manufacturer"": ""Sony"", ""Item model number"": ""MDRRF985RK"", ""Batteries"": ""1 Lithium Metal batteries required. (included)"", ""Best Sellers Rank"": {""Electronics"": 143835, ""Over-Ear Headphones"": 3424}, ""Is Discontinued By Manufacturer"": ""No"", ""Date First Available"": ""November 7, 2011"", ""Number Of Items"": ""1"", ""Brand"": ""Sony"", ""Model Name"": ""MDR-RF985RK"", ""Color"": ""Black"", ""Form Factor"": ""Over Ear"", ""Connectivity Technology"": ""Wireless""}",,,,,,,,,
hp-083,Bose QuietComfort Noise Cancelling Earbuds,149.99,4.3,in_ear,True,6.0,9.0,"Bose QuietComfort Noise Cancelling Earbuds-Bluetooth Wireless Earphones, Triple Black","Noise cancelling earbuds – Engineered with the world-class noise cancelling. Bose controllable noise cancellation and full Transparency Mode allow you to eliminate distractions, let your surroundings in, or a little bit of each..Note : If the size of the earbud tips does not match the size of your ear canals or the headset is not worn properly in your ears, you may not obtain the correct sound qualities or call performance. Change the earbud tips to ones that fit more snugly in your ears | High-fidelity audio – An exclusive acoustic architecture brings your music, podcasts, and videos to life, while Volume-optimized Active EQ keeps the sound crisp and balanced at any level. | Comfortable wireless earbuds – Three sizes of StayHear Max eartips are included for a secure fit. Crafted from soft silicone, they provide passive noise blocking with total comfort. | Simple touch controls – It’s as easy as tap, swipe, or press. Control your noise cancellation settings, pause, play, and volume right from the side of the earbud itself. Enable it all in the Bose Music app. | Noise-rejecting microphones – Tiny microphones work together to focus on your voice, filtering out surrounding noises for fewer distractions during phone calls. | Long battery life — Listen for up to 6 hours on a single charge. The charging case provides an additional 12 hours and charges via the included USB-C cable or wirelessly with any Qi-certified charging mat (not included). | Weather and sweat resistant – These IPX4-rated wireless earbuds can withstand sweat, water, and some inclement weather. | Bluetooth earbuds with microphone – Bluetooth 5.1 provides a strong, consistent connection to your device within 30 feet. | Compatible with iOS and Android – Simple setup and custom settings available through the Bose Music app. Refer to the PDF attached below in Technical Specification for the Manual and FAQ","{""Product Dimensions"": ""1.99 x 3.42 x 1.34 inches"", ""Item Weight"": ""9 Grams"", ""Item model number"": ""831262-0010"", ""Batteries"": ""1 Lithium Polymer batteries required. (included)"", ""Best Sellers Rank"": {""Electronics"": 279, ""Earbud & In-Ear Headphones"": 47}, ""Is Discontinued By Manufacturer"": ""No"", ""Date First Available"": ""September 10, 2020"", ""Manufacturer"": ""Bose"", ""Country of Origin"": ""USA"", ""Units"": ""1.0 Count"", ""Number Of Items"": ""1"", ""Brand"": ""Bose"", ""Model Name"": ""QuietComfort Earbuds"", ""Color"": ""Black"", ""Form Factor"": ""In Ear"", ""Connectivity Technology"": ""USB, Bluetooth 5.1""}",,,,,,,,,
hp-084,adidas RPT-01 Bluetooth Sport On-Ear Headphones,162.51,4.1,on_ear,False,40.0,215.0,"adidas RPT-01 Bluetooth Sport On-Ear Headphones - Night Grey, 2.8 x 5.6 x 7.5 Inches","Sweat proof & Water resistant (IPX4) | Up to 40 hours of playtime | Control knob for easy interaction | Bluetooth 5.0 | Washable Ear cushions and inner headband | Included components: unit, USB-C charging cable; quick Start guide, legal and safety,","{""Product Dimensions"": ""2.8 x 5.59 x 7.52 inches"", ""Item Weight"": ""215 Grams"", ""Item model number"": ""1002737"", ""Batteries"": ""1 Lithium Polymer batteries required. (included)"", ""Best Sellers Rank"": {""Electronics"": 78145, ""On-Ear Headphones"": 1124}, ""Date First Available"": ""September 25, 2019"", ""Department"": ""Mens"", ""Manufacturer"": ""Zound Industries"", ""Country of Origin"": ""China"", ""Units"": ""1.0 Count"", ""Number Of Items"": ""1"", ""Brand"": ""Adidas"", ""Model Name"": ""Adidas RPT-01 Bluetooth Sport On-Ear Headphones - NEW"", ""Color"": ""Night Grey"", ""Form Factor"": ""On Ear"", ""Connectivity Technology"": ""Bluetooth""}",,,,,,,,,
hp-085,EPOS Sennheiser Adapt 360,169.57,4.1,over_ear,True,46.0,226.8,"EPOS | SENNHEISER Adapt 360 Black (1000209) - Dual-Sided, Dual-Connectivity, Wireless, Bluetooth, ANC Over-Ear Headset | for Mobile Phone & Softphone | Teams Certified",Noise canceling technology: filters out unwanted background noise for crystal-clear conversations on call | Add refined EPOS sound to your everyday routine and power your life with music | Certified for Microsoft Teams and optimized for UC | Concentrate in noisy environments with ANC | Switch effortlessly between your favorite devices | Connectivity technology: 3.5 mm jack,"{""Product Dimensions"": ""7.72 x 4.14 x 5.32 inches"", ""Item Weight"": ""0.5 Pounds"", ""Item model number"": ""1000209"", ""Batteries"": ""1 Lithium Polymer batteries required. (included)"", ""Best Sellers Rank"": {""Electronics"": 226794, ""Over-Ear Headphones"": 5069}, ""Date First Available"": ""July 2, 2020"", ""Manufacturer"": ""EPOS"", ""Country of Origin"": ""China"", ""Number Of Items"": ""1"", ""Brand"": ""EPOS"", ""Model Name"": ""ADAPT 360"", ""Color"": ""Black"", ""Form Factor"": ""Over Ear"", ""Connectivity Technology"": ""Wireless, 3.5 mm jack, USB-C""}",,,,,,,,,
hp-086,Blue Tiger Advantage Plus Wireless Headset,169.99,4.1,on_ear,True,36.0,368.5,"Blue Tiger Advantage Plus Wireless Bluetooth Headset - Professional Trucker and Office Headset with Microphone - Durable, Noise Cancelling, Clear Sound, Long Battery Life, No Wires - 36 Hour Talk Time","STAY CONNECTED: Work from anywhere, wherever your day takes you, stay connected with reliable connectivity, GPS directions and music. Perfect for office use or over the road. Hear and be heard in any environment. GAMING: A Bluetooth transmitter is required to pair this headset with a gaming console. | HIGHEST NOISE REDUCTION: Reducing 97% of the noise of your surroundings. Advantage Plus Volume- Maximum 109 dB output at highest volume setting. Safe Volume - OSHA recommends not exceeding 85 dB for safe hearing level for prolonged periods. Extreme noise level is considered 100 dB. The volume settings are set to standards that preserve hearing and prevent hearing loss. Providing consumers with a communication tool to safely use and continue to keep an ear out for very important alerts. | SMART ASSISTANT-ENABLED: Activate Siri or Google Assistant and become completely hands-free by saying “Hey Siri” or “Hey Bixby.” Allow your calls to be announced and access whatever you need on the go with voice commands. Delivering clear, powerful audio through a premium speaker, this headset combines new voice activated technologies with smart engineering, for astonishing performance. | BATTERY LIFE: The long battery life delivers up to 36 hours of talk time and 1,000 hours of standby time. MUTE: This headset's mute capability is limited to use with a cellular device/ mobile phone. It does NOT support the mute function for a laptop or desktop based software. Only the muting of Phone Calls in HFP is supported currently and only directly by using mute function on that cellular device. | MILITARY GRADE QUALITY: Meets military MIL-STD-810 requirements for ruggedness and durability. The headset’s flexible headband has an adjustable fit, and a padded earphone provides cushioned comfort on even the longest jobs while weighing only 3.2oz. WHAT'S IN THE BOX: Advantage Plus Headset, Micro USB Charging Cable, Extra Mic Cover, Interchangeable Ear Cushions and Quick Start Guide.","{""Product Dimensions"": ""5.35 x 2.24 x 6.69 inches"", ""Item Weight"": ""13 Ounces"", ""Batteries"": ""1 Lithium Ion batteries required. (included)"", ""Best Sellers Rank"": {""Electronics"": 108748, ""On-Ear Headphones"": 1458, ""Over-Ear Headphones"": 2742}, ""Date First Available"": ""September 14, 2020"", ""Manufacturer"": ""Blue Tiger"", ""Country of Origin"": ""USA"", ""Brand"": ""Blue Tiger"", ""Model Name"": ""Language _ tag"", ""Color"": ""Black"", ""Form Factor"": ""On Ear"", ""Connectivity Technology"": ""Wireless""}",,,,,,,,,
hp-087,Bose SoundLink On-Ear,219.99,4.4,on_ear,False,15.0,152.6,Bose SoundLink On-Ear Bluetooth Wireless Headphones - Black,"Crisp powerful sound from the best sounding wireless headphone in its class.Connectivity Technology:Wired/Wireless | Advanced microphone system for clear calls in windy or noisy environments | Up to 15 hours of playtime with rechargeable lithium-ion battery | Easy to use with state of the art interface, including voice prompts","{""Product Dimensions"": ""2.4 x 5.5 x 7.1 inches"", ""Item Weight"": ""152.6 Grams"", ""Manufacturer"": ""Bose Corporation"", ""Item model number"": ""714675-0010"", ""Batteries"": ""1 Lithium Polymer batteries required. (included)"", ""Best Sellers Rank"": {""Electronics"": 124330, ""On-Ear Headphones"": 1626}, ""Is Discontinued By Manufacturer"": ""No"", ""Date First Available"": ""September 15, 2014"", ""Units"": ""1.0 Count"", ""Number Of Items"": ""1"", ""Brand"": ""Bose"", ""Model Name"": ""SoundLink"", ""Color"": ""Black"", ""Form Factor"": ""On Ear"", ""Connectivity Technology"": ""Wired""}",,,,,,,,,
hp-088,Jabra Evolve2 75 Wireless Headset,269.0,3.5,over_ear,True,36.0,197.0,"Jabra Evolve2 75 PC Wireless Headset with 8-Microphone Technology - Dual Foam Stereo Headphones with Advanced Active Noise Cancelling, USB-A Bluetooth Adapter and MS Teams-Compatibility - Black","INTELLIGENT NOISE CONTROL – Improve your concentration by blocking out ambient noise with these noise cancelling headphones; Adjustable Advanced ANC or tap to let outside noise in with HearThrough Technology | FOR CLEAR INDOOR AND OUTDOOR CALLS – Evolve2 75 wireless headphones feature optimal voice transmission thanks to advanced 8-microphone technology - flexible hide-away boom arm with built-in mute and auto-answer functions | ALL-DAY COMFORT, INCREASED MOBILITY, LONGER USE – Featuring extra soft cushions, these comfortable earbuds have a 30m wireless range while connected to PC and phone - up to 36 hrs of battery life - fast charge and charge-and-talk USB options | OPTIMIZED FOR MICROSOFT TEAMS – These MS Teams-certified over ear headphones feature an integrated fast access button and intuitive call management for quicker access to team meetings | IN THE BOX – 1x Jabra Evolve2 75 Headphones, USB-A Link 380 Bluetooth Adapter and USB-A cable, Carry Pouch, Headset Weight: 197 g / 6.9 oz, Color: Black. All in sustainable, recyclable packaging","{""Product Dimensions"": ""7.5 x 5.7 x 2.6 inches"", ""Item Weight"": ""0.43 Pounds"", ""Item model number"": ""27599-999-999"", ""Batteries"": ""1 Lithium Ion batteries required. (included)"", ""Best Sellers Rank"": {""Electronics"": 8967, ""On-Ear Headphones"": 210, ""Climate Pledge Friendly: Electronics"": 1482}, ""Date First Available"": ""November 11, 2021"", ""Manufacturer"": ""Jabra"", ""Country of Origin"": ""China"", ""Charging Time"": ""2.66 Hour"", ""Units"": ""1.0 Count"", ""Number Of Items"": ""1"", ""Brand"": ""Jabra"", ""Model Name"": ""Evolve2 75"", ""Color"": ""Black"", ""Form Factor"": ""On Ear"", ""Connectivity Technology"": ""Bluetooth""}",,,,,,,,,
lt-001,HBESTORE Portable Windows 10 Laptop,169.99,3.8,,,,,"HBESTORE Portable Windows 10 10.1inch Education Laptop Notebook Computer Learning Laptop Netbook for Kids Men Women (3GB/32GB, Blue)","【Thin&Light Weight】: HBESTORE laptop has a fashion design of 0.7 inch thickness with 0.95kg light weight make the laptop easy to carry and suitable for women, men & kids use it freely to do online learning or entertainment. | 【Powerful CPU for Entry Level Laptop】: The Intel Celeron N3350 1.1Ghz up to 2.4Ghz is a powerful CPU as an Entry level laptop to help you handle office work, online video meeting and web browsing easily. The laptop has 3GB RAM and 32GB EMMC storage chipset. | 【Environmental Protection Material】:The laptop Housing use the Environmental Protection Materials ABS and PC. Though the laptop is small but it has the QWERTY keyboard like a traditional laptop. | 【Original Win10 OS】Every laptop has an original Win10 OS License key to ensure all of our laptop’s operating system is official one. You can use all the free app of the Win10 OS. | 【Built-in WIFI&Bluetooth&I/O Port】The laptop has built-in WIFI 802.11b/g/n and Bluetooth V4.0, 1.3MP front camera, 2 USB2.0 port, 1 Micro HDMI Port,1 Combo earphone Port,1 TF cart port support up to 256GB TF card.","{""Standing screen display size"": ""10.1 Inches"", ""Screen Resolution"": ""1280 x 800 pixels"", ""Max Screen Resolution"": ""1280*800 Pixels"", ""Processor"": ""1.1 GHz celeron_n3350"", ""RAM"": ""3 GB DDR4"", ""Hard Drive"": ""Emmc"", ""Graphics Coprocessor"": ""Intel HD Graphic"", ""Chipset Brand"": ""Intel"", ""Card Description"": ""Integrated"", ""Wireless Type"": ""802.11bgn"", ""Number of USB 3.0 Ports"": ""2"", ""Brand"": ""HBESTORE"", ""Item model number"": ""PC1068"", ""Hardware Platform"": ""PC"", ""Operating System"": ""Windows 10"", ""Item Weight"": ""2.09 pounds"", ""Product Dimensions"": ""11.57 x 7.87 x 0.59 inches"", ""Item Dimensions  LxWxH"": ""11.57 x 7.87 x 0.59 inches"", ""Color"": ""Blue"", ""Rear Webcam Resolution"": ""0.3 MP"", ""Processor Brand"": ""Intel"", ""Number of Processors"": ""2"", ""Computer Memory Type"": ""DDR3 SDRAM"", ""Flash Memory Size"": ""32 GB"", ""Hard Drive Interface"": ""USB"", ""Power Source"": ""Battery Powered"", ""Voltage"": ""240 Volts, 5 Volts"", ""Batteries"": ""1 Lithium Polymer batteries required. (included)"", ""Best Sellers Rank"": {""Computers & Accessories"": 36824, ""Traditional Laptop Computers"": 6317}, ""Date First Available"": ""April 21, 2020"", ""Screen Size"": ""10.1 Inches"", ""CPU Model"": ""Celeron N3350"", ""Ram Memory Installed Size"": ""3 GB"", ""CPU Speed"": ""1.1 GHz"", ""Hard Disk Description"": ""Emmc""}",,3,32,10.1,2.09,,,,
lt-003,Gateway Touchscreen 11.6 HD 2-in-1 Convertible Laptop,179.0,3.9,,,,,Newest Gateway Touchscreen 11.6 HD 2-in-1 Convertible Laptop in Blue Intel N4020 4GB RAM 64GB SSD Mini-HDMI Webcam Windows 10 S,"Ultra Portable and Ultra-thin design with Sleek Body (.7-inch) Laptop; Windows 10 in S Mode (Switchable to W10 Home); | Intel Celeron Processor N4020 (1.1 GHz, Up to 2.8 GHz, 4M Cache) | 11.6” HD LCD IPS Display, (1366x768) - Touchscreen; Tuned by THX Audio; Webcam; Wifi + Bluetooth 4.0 | 4GB DDR4 memory; 64GB High Speed eMMc | Expansion slot: Micro SD Slot (Up to 512 GB) x 1; Mini HDMI Output x 1; USB 2.0 x 1; USB 3.0 x 1","{""Standing screen display size"": ""11.6 Inches"", ""Max Screen Resolution"": ""1366 x 768 Pixels"", ""Processor"": ""1.1 GHz celeron_n4020"", ""RAM"": ""4 GB DDR4"", ""Memory Speed"": ""2.8 GHz"", ""Hard Drive"": ""64 GB SSD"", ""Graphics Coprocessor"": ""Intel"", ""Chipset Brand"": ""Intel"", ""Card Description"": ""Integrated"", ""Wireless Type"": ""Bluetooth"", ""Brand"": ""Gateway"", ""Item model number"": ""GT11"", ""Hardware Platform"": ""PC"", ""Operating System"": ""Windows 10 S"", ""Item Weight"": ""3.98 pounds"", ""Product Dimensions"": ""11.1 x 7.6 x 0.7 inches"", ""Item Dimensions  LxWxH"": ""11.1 x 7.6 x 0.7 inches"", ""Color"": ""Blue"", ""Processor Brand"": ""Intel"", ""Number of Processors"": ""2"", ""Computer Memory Type"": ""DDR4 SDRAM"", ""Flash Memory Size"": ""64 GB"", ""Hard Drive Interface"": ""Solid State"", ""Best Sellers Rank"": {""Computers & Accessories"": 4048, ""2"": 33}, ""Date First Available"": ""February 8, 2022"", ""Screen Size"": ""11.6 Inches"", ""Hard Disk Size"": ""64 GB"", ""CPU Model"": ""Celeron N4020"", ""Ram Memory Installed Size"": ""4 GB"", ""CPU Speed"": ""1.1 GHz""}",,4,64,11.6,3.98,,,,
lt-004,Acer Chromebook 314,189.0,4.4,,,,,"Acer Chromebook 314 CB314-1H-C66Z 14&quot; HD Notebook Computer, Intel Celeron N4000 1.10GHz, 4GB RAM, 32GB Flash Storage, Chrome OS, Pure Silver","14"" HD Widescreen ComfyView LED-backlit Display | Google Chrome OS | 4GB LPDDR4 Onboard RAM | 32GB eMMC Storage | Intel Celeron N4000 Processor 1.1GHz","{""Standing screen display size"": ""14 Inches"", ""Screen Resolution"": ""1366 x 768 pixels"", ""Max Screen Resolution"": ""1366 x 768 Pixels"", ""Processor"": ""1.1 GHz celeron_n4000"", ""RAM"": ""4 GB LPDDR4"", ""Hard Drive"": ""32 GB SSD"", ""Graphics Coprocessor"": ""Intel UHD Graphics 600"", ""Chipset Brand"": ""Intel"", ""Card Description"": ""Integrated"", ""Wireless Type"": ""802.11ac"", ""Brand"": ""Acer"", ""Series"": ""CB314-1H-C66Z"", ""Item model number"": ""CB314-1H-C66Z"", ""Hardware Platform"": ""PC"", ""Operating System"": ""Chrome OS"", ""Item Weight"": ""3.75 pounds"", ""Product Dimensions"": ""19 x 12 x 3 inches"", ""Item Dimensions  LxWxH"": ""19 x 12 x 3 inches"", ""Color"": ""Silver"", ""Processor Brand"": ""Intel"", ""Number of Processors"": ""2"", ""Computer Memory Type"": ""SDRAM"", ""Flash Memory Size"": ""32 GB"", ""Hard Drive Interface"": ""Solid State"", ""Power Source"": ""Battery Powered"", ""Voltage"": ""20 Volts"", ""Batteries"": ""1 Lithium Polymer batteries required. (included)"", ""Best Sellers Rank"": {""Computers & Accessories"": 31398, ""Climate Pledge Friendly: Computers"": 3527, ""Traditional Laptop Computers"": 5515}, ""Date First Available"": ""July 16, 2020"", ""Screen Size"": ""14 Inches"", ""Hard Disk Size"": ""32 GB"", ""CPU Model"": ""Celeron N4000"", ""Ram Memory Installed Size"": ""4 GB"", ""Special Feature"": ""Backlit""}",,4,32,14.0,3.75,,,,
lt-005,LincPlus P3 14 inch Laptop,194.0,3.4,,,,,"LincPlus P3 14 inch Thin and Light Laptop PC, 4GB RAM 128GB eMMC 1080P Full HD IPS Computer, Intel Celeron Dual-Core, Mini Notebook,Windows 10 Home in S Mode,UK Keyboard White","Efficient Performance: The LincPlus P3 laptop is equipped with 4GB high-speed DDR4 memory and 128GB solid-state hard drive storage, providing faster, smoother, and more energy-efficient performance to handle complex tasks easily. This home notebook computer can also expand the memory through an SSD to meet your larger requirements. | Powerful Configuration: The LincPlus P3 notebook laptop comes with an Intel Celeron N3350 processor, a 14.1-inch 1080P Full HD IPS screen, and vivid colors making the laptop more appealing. This netbook is pre-installed with Windows 10 in S mode, and you can convert it to Windows 10 Home for free with a few simple steps.This laptop is equipped with a British keyboard with the “@” symbol located to the left of the “Enter” key. | Stylish and lightweight. This laptop is thin and light, portable, and can be used for internet browsing, watching movies, basic photo editing, business office, and sending and receiving emails, making it an ideal choice for children/business people, and elderly family members. Due to its excellent design, This white laptop is also very popular among fashionable women. | Multi-functional Interfaces: The LincPlus P3 laptop provides fast connectivity through Bluetooth 4.2/dual-band WiFi. It is also equipped with diverse ports, including an RJ45 port x1, a USB 3.0 x1, a USB 2.0 x2, a micro SD card slot x1, a 2.5 SATA SSD slot x1, a mini HDMI port x1, a headphone jack x1. The LincPlus P3 notebook is an affordable laptop with powerful entry-level features. | Worry-free Customer Service: The battery of this Windows laptop is 7.4V, 5000mAh. With a full charge, it can last for a whole day. The professional after-sales team provides comprehensive services for the LincPlus laptop, including technical support, operation guidance, and installation, for a period of two years.","{""Standing screen display size"": ""14"", ""Screen Resolution"": ""1920 x 1080 pixels"", ""Max Screen Resolution"": ""1920 x 1080 Pixels"", ""Processor"": ""2.4 GHz celeron_n3350"", ""RAM"": ""4 GB LPDDR4"", ""Memory Speed"": ""2.4 GHz"", ""Hard Drive"": ""128 GB SSD"", ""Graphics Coprocessor"": ""Intel HD Graphics 500"", ""Chipset Brand"": ""Intel"", ""Card Description"": ""UHD Graphics 500, Integrated"", ""Wireless Type"": ""Bluetooth, 802.11ac"", ""Number of USB 2.0 Ports"": ""2"", ""Number of USB 3.0 Ports"": ""1"", ""Average Battery Life (in hours)"": ""6 Hours"", ""Brand"": ""LincPlus"", ""Series"": ""LincPlus p3"", ""Item model number"": ""1409P3"", ""Hardware Platform"": ""PC"", ""Operating System"": ""Windows 10 S"", ""Item Weight"": ""3.09 pounds"", ""Item Dimensions  LxWxH"": ""0.01 x 0.01 inches"", ""Color"": ""White"", ""Processor Brand"": ""Intel"", ""Number of Processors"": ""2"", ""Computer Memory Type"": ""DDR3 SDRAM"", ""Flash Memory Size"": ""512 GB"", ""Hard Drive Interface"": ""Solid State"", ""Hard Drive Rotational Speed"": ""1129.00"", ""Power Source"": ""Battery Powered"", ""Voltage"": ""7.4 Volts (AC)"", ""Batteries"": ""1 Lithium Polymer batteries required. (included)"", ""Best Sellers Rank"": {""Computers & Accessories"": 24439, ""Traditional Laptop Computers"": 3801}, ""Date First Available"": ""December 18, 2020"", ""Model Name"": ""LincPlus p3"", ""Screen Size"": ""14"", ""Hard Disk Size"": ""128 GB"", ""CPU Model"": ""Celeron N3350"", ""Ram Memory Installed Size"": ""128 GB"", ""Special Feature"": ""portable,Upgradable,white"", ""Graphics Card Description"": ""UHD Graphics 500, Integrated""}",,4,128,14.1,3.09,,,,
lt-006,Lenovo Chromebook S330 Laptop,195.0,4.2,,,,,"Lenovo Chromebook S330 Laptop, 14-Inch FHD Display, MediaTek MT8173C, 4GB RAM, 64GB Storage, Chrome OS","Aspect Ratio:16:9 | High performance laptop: The Chromebook S330 is equipped with a MediaTek MTK8173C Processor, Chrome OS, 4 GB LPDDR3, 64 GB eMMC 5.1 and so much more | Sleek and stylish design: Sleek, stylish and secure, the Lenovo Chromebook S330 is less than one inch thin and 3.3 pounds light with a 14-inch FHD display. Perfect for day-to-day computing and multimedia, on or offline | Powerful processing: Perfect for all your daily computing needs, The Lenovo Chromebook S330 delivers a host of performance features. Enjoy powerful processing for daily tasks, LPDDR3 memory for multitasking, eMMC storage for quick boot-ups, fast software loading and additional 100 GB of cloud storage via Google Drive | Built to connect us: Full I/O support comes standard on the laptop computer with USB-C, micro SD and USB 3.0 for effortless connectivity. Further, this Chromebook also features powerful 2 x 2 Wi-Fi ac with Bluetooth 4.1, a 720p webcam and two 2W speaker systems for effortless collaboration, all supported via a suite of collaborative apps via Chrome OS | Easy to use: The Lenovo Chromebook S330 is easy to use, Offers built-in virus protection and keeps going with long battery life. Further, no setup is needed, just a Google account so your stuff stays with you via cloud storage of your emails, maps, docs, pics and more","{""Standing screen display size"": ""14 Inches"", ""Max Screen Resolution"": ""1920X1080 Pixels"", ""Processor"": ""2.1 GHz mediatek_mt8173c"", ""RAM"": ""4 GB LPDDR3"", ""Memory Speed"": ""1866 MHz"", ""Hard Drive"": ""64 GB SSD"", ""Graphics Coprocessor"": ""PowerVR GX6250"", ""Chipset Brand"": ""Intel"", ""Card Description"": ""Integrated"", ""Graphics Card Ram Size"": ""2 MB"", ""Wireless Type"": ""802.11ac"", ""Number of USB 3.0 Ports"": ""1"", ""Average Battery Life (in hours)"": ""10 Hours"", ""Brand"": ""Lenovo"", ""Series"": ""Chromebook S330"", ""Item model number"": ""81JW0000US"", ""Hardware Platform"": ""Chrome"", ""Operating System"": ""Chrome OS"", ""Item Weight"": ""3.3 pounds"", ""Product Dimensions"": ""9.1 x 12.8 x 0.8 inches"", ""Item Dimensions  LxWxH"": ""9.1 x 12.8 x 0.8 inches"", ""Color"": ""Business Black"", ""Processor Brand"": ""MediaTek"", ""Number of Processors"": ""4"", ""Computer Memory Type"": ""Unknown"", ""Flash Memory Size"": ""64"", ""Hard Drive Interface"": ""Solid State"", ""Hard Drive Rotational Speed"": ""7200 RPM"", ""Power Source"": ""Battery Powered"", ""Voltage"": ""7.7 Volts"", ""Batteries"": ""1 Lithium Polymer batteries required. (included)"", ""Best Sellers Rank"": {""Computers & Accessories"": 5349, ""Traditional Laptop Computers"": 615}, ""Date First Available"": ""August 9, 2018"", ""Model Name"": ""Chromebook S330"", ""Screen Size"": ""14 Inches"", ""Hard Disk Size"": ""64 GB"", ""CPU Model"": ""Mediatek Mt8173C"", ""Ram Memory Installed Size"": ""4 GB"", ""Graphics Card Description"": ""Integrated""}",,4,64,14.0,3.3,,,,
lt-007,BiTECOOL Windows 11 Laptop 14 inches,199.0,4.1,,,,,"BiTECOOL Windows 11 Laptop, 14 inches HD Clear Display, Intel Celeron J4005 Dual Core, 6GB RAM and 256GB SSD Laptop Computer, 2.4G WiFi, BT4.0, Long Lasting Battery, Mic","Powerful Intel Dual Core Windows Laptop- Powered by 10th Generation Intel Gemini Lake Celeron J4005 2 Cores 2 Threads, burst frequency up to 2.7GHz and built-in Intel UHD Graphics 600, support 4K@60Hz. | Large Memory and Storage Space Pc Laptops - Built-in 6GB LPDDR4 Memory for Smooth Operating and 256GB Solid State Drive Storage which can expandable to 1TB, can satisfy most people's requirements, also, it got Single Band 2.4G Wifi and Bluetooth 4.0 for wireless connection. | Windows 11 Pro Operating System Laptop Computer and HD Clear Display labtop - Ready to use with your familiar latest windows 11 OS and enjoy high definition display through the 14 inches(1366*768 pixel) Screen. | Multi-ports - the CosBook Laptops got 1 x USB3.0, 1 x USB2.0, 1 x Mini HD, 1 x Headphone Jack, 1 x Micro SD, 1 x DC, will meet all your needs. | Slim and Lightweight Computer Laptop - Very slim lightweight ultrabook, only 2.7LB, to the thin part, only 9mm and the thickest part is only 14mm, very portable, easy to carry. | Note: Pls don’t insert the power supply connector into headphone jack instead of the power connector! If you've any issue with our laptop, pls contact us!","{""Standing screen display size"": ""14 Inches"", ""Max Screen Resolution"": ""1366 x 768 Pixels"", ""Processor"": ""2 GHz celeron"", ""RAM"": ""6 GB LPDDR4"", ""Hard Drive"": ""256 GB SSD"", ""Graphics Coprocessor"": ""Intel UHD Graphics 600"", ""Chipset Brand"": ""Intel"", ""Card Description"": ""Integrated"", ""Wireless Type"": ""Bluetooth"", ""Brand"": ""BiTECOOL"", ""Item model number"": ""CosBook-Plus"", ""Hardware Platform"": ""PC"", ""Operating System"": ""Windows 11"", ""Item Weight"": ""3.89 pounds"", ""Package Dimensions"": ""13.78 x 11.69 x 2.56 inches"", ""Color"": ""Gray"", ""Processor Brand"": ""Intel"", ""Number of Processors"": ""2"", ""Computer Memory Type"": ""DDR4 SDRAM"", ""Flash Memory Size"": ""256 GB"", ""Hard Drive Interface"": ""Solid State"", ""Batteries"": ""1 Lithium Polymer batteries required. (included)"", ""Best Sellers Rank"": {""Computers & Accessories"": 8462, ""Traditional Laptop Computers"": 1112}, ""Date First Available"": ""August 31, 2022"", ""Screen Size"": ""14 Inches"", ""Hard Disk Size"": ""256 GB"", ""CPU Model"": ""Celeron"", ""Ram Memory Installed Size"": ""6 GB"", ""CPU Speed"": ""2 GHz""}",,6,256,14.0,2.7,,,,
lt-008,HP Stream 11 Laptop,199.99,4.2,,,,,"HP Stream 11"" Laptop, Intel Celeron N4020, Intel UHD Graphics 600, 4 GB RAM, 64 GB SSD, Windows 11 Home in S mode (11-ak0030nr, Royal blue)","PORTABLE AND EXPRESSIVE DESIGN – Stay productive and connected all day with an HP laptop that is affordable, portable, and incredibly stylish. .Voltage:3.0 volts | HD DISPLAY FOR ANYWHERE – Enjoy every bit of detail thanks to your laptop’s brilliant high-definition (1366 x 768) display (1); easily take this laptop from room to room or outside due to its lightweight design and its anti-glare panel. | DUAL-CORE PROCESSOR – Power through your workday with the great performance and instant responsiveness of the dual-core Intel Celeron N4020 processor (2). | STUNNING GRAPHICS – Smoothly stream your favorite content and easily run next-gen games with Intel UHD Graphics 600 (3). | STORAGE AND MEMORY – An embedded multimedia card provides 64 GB of reliable, flash-based storage while 4 GB of RAM expands your bandwidth and boosts your performance (4). | LIBERATING BATTERY LIFE – Take on the day without worrying about recharging with up to 13 hours and 15 minutes of battery life (5). | WINDOWS 11 HOME AND WARRANTY – Experience faster bootup times, increased responsiveness, and added protection against phishing and malware with Windows 11 Home in S Mode (6). And with a 1-year limited hardware warranty, you’ll enjoy even more peace of mind. | CONNECTIVITY WHENEVER YOU NEED IT – Sync up all your Bluetooth accessories and enjoy strong Wi-Fi connectivity with the reliable Realtek RTL8822CE 802.11a/b/g/n/ac (2x2) Wi-Fi (7) and Bluetooth 5.0 combo (8). | MICROSOFT 365 – Bring your ideas to life with the Microsoft 365 Office suite, now offering Word, Excel, and PowerPoint, with added smart assistance features to up your creative game (1-year subscription included) (9). | BUILT FOR THE FUTURE – Study, stream, and share on a sustainable laptop that is both ENERGY STAR certified (10) and EPEAT Silver registered (11).","{""Standing screen display size"": ""11.6 Inches"", ""Screen Resolution"": ""1366 x 768 pixels"", ""Max Screen Resolution"": ""1366 x 768 Pixels"", ""Processor"": ""1.1 GHz celeron_n4020"", ""RAM"": ""4 GB 4 GB DDR4"", ""Hard Drive"": ""64 GB Emmc"", ""Graphics Coprocessor"": ""Intel UHD Graphics 600"", ""Chipset Brand"": ""Intel"", ""Card Description"": ""Integrated"", ""Wireless Type"": ""Bluetooth, 802.11a/g/n/ac"", ""Number of USB 3.0 Ports"": ""3"", ""Average Battery Life (in hours)"": ""13.15 Hours"", ""Brand"": ""HP"", ""Series"": ""HP Stream Laptop 11-ak0030nr"", ""Item model number"": ""11-ak0030nr"", ""Operating System"": ""Windows 11 Home"", ""Item Weight"": ""2.37 pounds"", ""Product Dimensions"": ""11.08 x 7.59 x 0.66 inches"", ""Item Dimensions  LxWxH"": ""11.08 x 7.59 x 0.66 inches"", ""Color"": ""Royal Blue"", ""Processor Brand"": ""Intel"", ""Number of Processors"": ""2"", ""Computer Memory Type"": ""DDR4 SDRAM"", ""Optical Drive Type"": ""No Optical Storage Device"", ""Power Source"": ""Battery Powered"", ""Voltage"": ""3 Volts"", ""Batteries"": ""1 Lithium Ion batteries required. (included)"", ""Best Sellers Rank"": {""Computers & Accessories"": 2121, ""Traditional Laptop Computers"": 249}, ""Date First Available"": ""October 5, 2021"", ""Screen Size"": ""11.6 Inches"", ""Hard Disk Size"": ""64 GB"", ""CPU Model"": ""Celeron N4020"", ""Ram Memory Installed Size"": ""4 GB"", ""Special Feature"": ""Sleek design, Dual-core Intel Celeron processor, Liberating battery life, Windows 11 Home in S mode, High-definition displaySleek design, Dual-core Intel Celeron processor, Liberating battery life, Windows 11 Home in S mode, High-definition display  See more""}",,4,64,11.6,2.37,,,,
lt-010,Lenovo Chromebook Flex 3 11.6,209.99,4.1,,,,,"Lenovo Chromebook Flex 3 11.6"" HD Touchscreen 2-in-1 Laptop Computer PC, Intel Celeron N4020, 4GB DDR4, 32GB eMMC, Intel UHD 600, 802.11ac, Bluetooth, Webcam, Chrome OS, Blue, 64GB ABYS MicroSD Card","11.6"" HD 10-point multitouch screen Display, 1366 x 768 resolution boasts impressive color and clarity. Intel Celeron N4020 Processor, Dual-core. With Intel UHD 600 Graphics. | 4GB DDR4 RAM, Plenty of high-bandwidth RAM to smoothly run your games as well as multiple programs. | 32GB eMMC flash memory, This ultracompact memory system is ideal for mobile devices and applications, providing enhanced storage capabilities, streamlined data management, quick boot-up times and support for high-definition video playback. | Audio with 2 x 2W stereo speakers & Built-in HD webcam with microphone. 1x card reader; USB-C, USB 3.0, 1x headphone / microphone combo jack. | Chrome OS included. Wireless-AC + Bluetooth, Almond, Bonus with 64GB Micro SD Card with MicroSD to SD Adapter.","{""Standing screen display size"": ""11.6 Inches"", ""Screen Resolution"": ""1366 x 768 pixels"", ""Max Screen Resolution"": ""1366 x 768 Pixels"", ""Processor"": ""1.1 GHz celeron"", ""RAM"": ""4 GB LPDDR4"", ""Memory Speed"": ""2400 MHz"", ""Hard Drive"": ""32 GB SSD"", ""Graphics Coprocessor"": ""‎UHD Graphics 600"", ""Chipset Brand"": ""Intel"", ""Card Description"": ""Integrated"", ""Wireless Type"": ""802.11ac"", ""Average Battery Life (in hours)"": ""10 Hours"", ""Brand"": ""Lenovo"", ""Series"": ""Chromebook"", ""Item model number"": ""Flex 3"", ""Hardware Platform"": ""PC"", ""Operating System"": ""Chrome OS"", ""Item Weight"": ""2.7 pounds"", ""Product Dimensions"": ""11.5 x 8.48 x 0.77 inches"", ""Item Dimensions  LxWxH"": ""11.5 x 8.48 x 0.77 inches"", ""Color"": ""Abyss Blue"", ""Processor Brand"": ""Intel"", ""Number of Processors"": ""2"", ""Computer Memory Type"": ""DDR4 SDRAM"", ""Flash Memory Size"": ""64 GB"", ""Hard Drive Interface"": ""Solid State"", ""Power Source"": ""AC & Battery"", ""Best Sellers Rank"": {""Computers & Accessories"": 30426, ""2"": 379}, ""Date First Available"": ""May 21, 2020"", ""Model Name"": ""Chromebook"", ""Screen Size"": ""11.6 Inches"", ""Hard Disk Size"": ""32 GB"", ""CPU Model"": ""Celeron"", ""Ram Memory Installed Size"": ""4 GB"", ""Graphics Card Description"": ""Integrated""}",,4,32,11.6,2.7,,,,
lt-011,Emerald Computers Tenacious Rugged Laptop,215.0,3.5,,,,,"Emerald Computers Rugged Laptop with I5-8250U Quad Core, 8 Thread CPU, 8GB RAM 256GB SSD, 13.3 Inch 1080p Screen, Tenacious Model in Silver, 14626167","Live Tech Support from Emerald Computers in Arizona. | Comes with a built-in webcam that allows for face-to-face communication online, making it easy to illustrate things visually to the person you are talking to use. | Offers incredibly fast performance with a speed boost. From day to day computing needs, gaming, and beyond, the Intel i5 processor works like magic to help you enjoy great multitasking. | Lightweight and portable which makes Tenacious laptop a very versatile device for home or office | Hard disk size: 512.0 GB | Ram memory installed size: 8.0 GB | System ram type: ddr3l_1600_sdram | Memory storage capacity: 8.0 | Display size: 13.3 inches | Operating system: Windows 10","{""Standing screen display size"": ""13.3 Inches"", ""Max Screen Resolution"": ""1920 x 1080 Pixels"", ""Processor"": ""4 GHz core_i5_8250u"", ""RAM"": ""8 GB DDR4"", ""Hard Drive"": ""256 GB SSD"", ""Graphics Coprocessor"": ""Intel HD 620 with 4K Output"", ""Chipset Brand"": ""Intel"", ""Card Description"": ""Integrated"", ""Wireless Type"": ""802.11ac"", ""Average Battery Life (in hours)"": ""8.0, 6.0 Hours"", ""Brand"": ""Emerald Computers"", ""Item model number"": ""TES1 Tenacious"", ""Hardware Platform"": ""PC"", ""Operating System"": ""Windows 10"", ""Item Weight"": ""2.86 pounds"", ""Package Dimensions"": ""16.22 x 12.2 x 4.33 inches"", ""Color"": ""Silver"", ""Processor Brand"": ""Intel"", ""Number of Processors"": ""8"", ""Computer Memory Type"": ""DDR3L-1600 SDRAM"", ""Flash Memory Size"": ""256 GB"", ""Hard Drive Interface"": ""USB 3.0"", ""Power Source"": ""Battery Powered"", ""Voltage"": ""19 Volts"", ""Batteries"": ""1 Lithium Polymer batteries required. (included)"", ""Best Sellers Rank"": {""Computers & Accessories"": 139903, ""2"": 2381}, ""Date First Available"": ""December 9, 2020"", ""Screen Size"": ""13.3 Inches"", ""Hard Disk Size"": ""256 GB"", ""CPU Model"": ""Core i5 8250U"", ""Ram Memory Installed Size"": ""8 GB"", ""CPU Speed"": ""4 GHz""}",,8,256,13.3,2.86,,,,
lt-012,Tulasi Laptop Intel Celeron J4005,218.99,3.9,,,,,"Tulasi Laptop, 8GB RAM 128GB SSD, Intel Celeron J4005 Laptop Computer, Windows 11 Laptop, 14.1"" Full HD IPS Laptop, Support 2.4G/5G WiFi, BT 4.2, Long Battery Life","[ ULTRA THIN AND LIGHT ] - This ultra-slim laptop is only 0.37 to 0.65 inches thin and weighs only 2.88 lb, it's easy to take this pc anywhere, It also gets an improved 38Wh high-capacity battery that can last up to 6 hours long battery life. | [ RELIABLE PERFORMANCE ] - Tackle your daily tasks easily and quickly with the performance of a Intel Gemini Lake dual-core Processor, 4M cache, Base Frequency 2 GHz Burst Frequency 2.70 GHz, built-in Intel UHD Graphics 600, Support 4K@60Hz | [ MEMORY AND STORAGE ] - 8GB LPDDR4 RAM for advanced multitasking, smoothly run your programs, and browser tabs. with 128GB M.2 SSD storage, experience 3x faster data transfer performance than a traditional eMMC hard drive, faster boot time. | [ 1080P WINDOWS 11 LAPTOP ] - It comes with Windows 11 Pro system, new look and feel, maximize your productivity, with a 14 inches micro-edge Full HD (1920 x 1080) IPS screen, you can enjoy clear, bright and vivid picture. | [ CONVENIENCE AND WARRANTY ] - Experience smooth wireless connection with 802.11.ac 2.4G/5G wifi and Bluetooth 4.2. Multi-port includes 2 USB 3.0, Mini HD, DC Charging, Audio jack, Micro SD slot. All Tulasi laptops come with a 1-year warranty.","{""Standing screen display size"": ""14.1 Inches"", ""Max Screen Resolution"": ""1920 x 1080 Pixels"", ""Processor"": ""2.7 GHz celeron"", ""RAM"": ""8 GB LPDDR4"", ""Memory Speed"": ""2.7 GHz"", ""Hard Drive"": ""128 GB SSD"", ""Graphics Coprocessor"": ""Intel UHD Graphics 600"", ""Chipset Brand"": ""Intel"", ""Card Description"": ""Integrated"", ""Wireless Type"": ""802.11a/b/g/n/ac, Bluetooth"", ""Number of USB 3.0 Ports"": ""2"", ""Average Battery Life (in hours)"": ""6 Hours"", ""Brand"": ""Tulasi"", ""Series"": ""Tulasi T"", ""Item model number"": ""Tulasi T"", ""Hardware Platform"": ""PC"", ""Operating System"": ""Windows, Windows 11"", ""Item Weight"": ""2.88 pounds"", ""Product Dimensions"": ""12.8 x 8.3 x 0.65 inches"", ""Item Dimensions  LxWxH"": ""12.8 x 8.3 x 0.65 inches"", ""Processor Brand"": ""Intel"", ""Number of Processors"": ""2"", ""Computer Memory Type"": ""DDR4 SDRAM"", ""Flash Memory Size"": ""128 GB"", ""Hard Drive Interface"": ""Solid State"", ""Hard Drive Rotational Speed"": ""0.01"", ""Power Source"": ""Battery Powered"", ""Batteries"": ""1 Lithium Polymer batteries required. (included)"", ""Best Sellers Rank"": {""Computers & Accessories"": 28750, ""Traditional Laptop Computers"": 5094}, ""Date First Available"": ""March 21, 2022"", ""Screen Size"": ""14.1 Inches"", ""Hard Disk Size"": ""128 GB"", ""CPU Model"": ""Celeron"", ""Ram Memory Installed Size"": ""8 GB"", ""CPU Speed"": ""2.7 GHz""}",,8,128,14.1,2.88,,,,
lt-016,"Lenovo 14"" AMD 3015e Business Laptop",249.0,4.2,,,,,"Lenovo Windows 10 Pro Business Laptop, AMD 3015e Processor up to 2.3GHz, 14"" Anti-Glare, 4GB DDR4 RAM, 64GB eMMC, Bluetooth, WiFi, Type-C, Built-in Webcam, HDMI, Broag 64GB Flash Drive","CPU: AMD 3015e Processor (1.20 GHz, up to 2.30 GHz Max Boost, 2 Cores, 4 Threads, 4 MB Cache). | Display: 14"" HD (1366 x 768) IPS 220nits Anti-glare; Graphics: AMD Radeon Graphics; 720p with Privacy Shutter Webcam and 2x, Array Microphone. | RAM: 4GB DDR4 1600MHz SDRAM Memory; Hard Drive: 64GB eMMC. | Connectivity: 802.11AX (2 x 2) & Bluetooth 5.2; Ports: 1 x USB-C, 2 x USB-A 3.2 Gen 1, 1 x HDMI 1.4, 1 x Headphone / mic combo, 1 x Micro-SD card reader, 1 x Kensington Nano Security Slot. | Bundled 3 In 1 Design Stylus (Stylus Pen + Ballpoint Pen + USB 3.0 64GB Flash Drive). OS: Windows 10 Pro 64, English; Non-backlit, English Keyboard. Color: Black.","{""Standing screen display size"": ""14 Inches"", ""Screen Resolution"": ""1366 x 768 pixels"", ""Max Screen Resolution"": ""1366 x 768 Pixels"", ""Processor"": ""1.2 GHz amd_a_series"", ""RAM"": ""4 GB DDR4"", ""Memory Speed"": ""1600 MHz"", ""Hard Drive"": ""64 GB Emmc"", ""Graphics Coprocessor"": ""AMD Radeon Graphics"", ""Chipset Brand"": ""AMD"", ""Card Description"": ""Integrated"", ""Wireless Type"": ""Bluetooth, 802.11ax"", ""Brand"": ""Lenovo"", ""Series"": ""14w"", ""Item model number"": ""14w Gen 2"", ""Hardware Platform"": ""PC"", ""Operating System"": ""Windows 10 Pro"", ""Item Weight"": ""4.69 pounds"", ""Product Dimensions"": ""12.8 x 8.77 x 0.7 inches"", ""Item Dimensions  LxWxH"": ""12.8 x 8.77 x 0.7 inches"", ""Processor Brand"": ""AMD"", ""Number of Processors"": ""2"", ""Computer Memory Type"": ""DDR4 SDRAM"", ""Flash Memory Size"": ""64 GB"", ""Hard Drive Interface"": ""PCIE x 4"", ""Best Sellers Rank"": {""Computers & Accessories"": 62401, ""Traditional Laptop Computers"": 11818}, ""Date First Available"": ""June 9, 2022"", ""Screen Size"": ""14 Inches"", ""Hard Disk Size"": ""64 GB"", ""CPU Model"": ""AMD A Series"", ""Ram Memory Installed Size"": ""4 GB"", ""Special Feature"": ""Anti-glare""}",,4,64,14.0,3.19,,,,
lt-018,SGIN Laptop 15.6 Inch,259.98,4.4,,,,,"SGIN Laptop 15.6 Inch, 4GB DDR4 128GB SSD Windows 11 Laptops with Intel Celeron Quad Core J4105(up to 2.5 GHz), Intel UHD Graphics 600, Mini HDMI, WiFi, Webcam, USB3.0, Bluetooth 4.2","Powerful configuration: SGIN laptop pre-installed with the latest Windows 11 system, equipped with the Intel Celeron Quad Core J4105 processor, turbo frequency up to 2.5 GHz. With a 15.6 inch screen, the resolution of the 15.6 inch laptop is 1366 x 768, which is make sure you have more vibrant and simple view, and the viewing angle is wide. | EFFICIENT PERFORMANCE: The laptops equipped with 4GB high-speed DDR4 memory, 128GB SSD storage and faster, smoother and energy-efficient performance, this 15 inch laptop can easily handle complex tasks. Supports the extension of the TF card of 512 GB and the 512 GB SSD can be replaced with a maximum SSD of 1 TB. | Multifunctional interface: fast connection with Bluetooth 4.2 and fast WiFi via dual band WiFi, equipped with Mini HDMI x1, headphone jack 3.5 mm x1, USB 3.0 x2, microSD slot x1. The many multi-function ports of the Windows 11 laptop meet the requirements of life and work. | LIGHTWEIGHT AND ADVANCED - The slim case weighs only 1.63 kg and is only 2 cm thick so you can carry it all day without any problems. Equipped with a 5000 mWh lithium-ion battery, long battery life. It has a long battery life and reliable performance. It is the perfect choice for you if you want to enjoy your lifestyle on the go. | Worry-free customer service: from date of purchase, we have a 365 day warranty service. If you have any questions, please feel free to contact us. We will reply you within 12 hours to help you solve the problem.","{""Standing screen display size"": ""15.6 Inches"", ""Max Screen Resolution"": ""1366 x 768 Pixels"", ""Processor"": ""2.5 GHz celeron"", ""RAM"": ""4 GB DDR4"", ""Hard Drive"": ""128 GB SSD"", ""Graphics Coprocessor"": ""Integrated"", ""Chipset Brand"": ""Intel"", ""Card Description"": ""Integrated"", ""Average Battery Life (in hours)"": ""12 Hours"", ""Brand"": ""SGIN"", ""Hardware Platform"": ""Linux"", ""Operating System"": ""Windows 11"", ""Item Weight"": ""5.37 pounds"", ""Product Dimensions"": ""15.6 x 9 x 0.6 inches"", ""Item Dimensions  LxWxH"": ""15.6 x 9 x 0.6 inches"", ""Color"": ""Gray"", ""Processor Brand"": ""Intel"", ""Number of Processors"": ""4"", ""Computer Memory Type"": ""DDR4 SDRAM"", ""Hard Drive Interface"": ""USB 3.0"", ""Batteries"": ""1 Lithium Ion batteries required. (included)"", ""Best Sellers Rank"": {""Computers & Accessories"": 20, ""Traditional Laptop Computers"": 2}, ""Date First Available"": ""April 12, 2023"", ""Screen Size"": ""15.6 Inches"", ""Hard Disk Size"": ""128 GB"", ""CPU Model"": ""Celeron"", ""Ram Memory Installed Size"": ""4 GB"", ""Graphics Card Description"": ""Integrated"", ""CPU Speed"": ""2.5 GHz""}",,4,128,15.6,5.37,,,,
lt-019,HP Stream 14,265.95,4.5,,,,,"HP Stream 14inch HD Display, Intel Celeron N4020 Dual-Core Processor, 4GB DDR4 Memory, 128 GB Storage (64GB eMMC+64GB Card), WiFi, Webcam, Bluetooth,1-Year Microsoft 365 Win10 S Jet Black","✔【Display】 14-inch diagonal HD SVA bright view WLED-backlit display (1366 x 768) | ✔【Memory】 4 GB DDR4-2400 SDRAM; Total 128GB Storage: 64 GB eMMC plus ADATA 64GB microSDXC card | ✔【Processor】 Intel(R) Celeron(R) N4020 processor, dual-core, 1.1 GHz base frequency, up to 2.8 GHz burst frequency | ✔【Battery life】 Up to 14 hours and 15 minutes (video playback), up to 11 hours and 30 minutes (wireless streaming) | ✔【OS and Office 365 for one year】 Free upgrade to windows 11; Get full access to Microsoft Excel, Word, PowerPoint, OneNote, Access, and 1 TB of One Drive storage for 1 year","{""Standing screen display size"": ""14 Inches"", ""Screen Resolution"": ""1366 x 768"", ""Processor"": ""2.8 GHz celeron"", ""RAM"": ""4 GB DDR4"", ""Memory Speed"": ""2.8 GHz"", ""Hard Drive"": ""emmc"", ""Chipset Brand"": ""Intel"", ""Card Description"": ""Integrated"", ""Wireless Type"": ""Bluetooth, 802.11b"", ""Average Battery Life (in hours)"": ""14 Hours"", ""Brand"": ""HP"", ""Series"": ""HP Stream"", ""Item model number"": ""DQ0001DX128GB"", ""Hardware Platform"": ""Windows"", ""Operating System"": ""Windows 10 S, Windows 11"", ""Item Weight"": ""4.51 pounds"", ""Package Dimensions"": ""17.72 x 12.24 x 2.87 inches"", ""Color"": ""Jet Black"", ""Processor Brand"": ""Intel"", ""Number of Processors"": ""2"", ""Computer Memory Type"": ""DDR4 SDRAM"", ""Flash Memory Size"": ""128 GB"", ""Hard Drive Interface"": ""USB 3.1"", ""Power Source"": ""Battery Powered"", ""Batteries"": ""1 Lithium Ion batteries required. (included)"", ""Best Sellers Rank"": {""Computers & Accessories"": 12620, ""Traditional Laptop Computers"": 1713}, ""Date First Available"": ""May 24, 2021"", ""Model Name"": ""HP Stream"", ""Memory Storage Capacity"": ""4 GB"", ""Screen Size"": ""14 Inches""}",,4,128,14.0,4.51,,,,
lt-020,Ruzava W6 15.6 Inch Laptop,269.99,4.3,,,,,"Ruzava 15.6 Inch Laptop Computer, 6GB+128GB SSD, Windows 10 Pro Laptop, Intel J4105 1.5Ghz Processor Notebook, 1920x1080 IPS Display, 2.4G+5G WiFi, BT4.2, USB HDMI, Numpad, Fast Charge,WOZIFAN Gray","【POWERFUL PRODUCTIVITY】This 15.6-inch Windows 10 Pro laptop is equipped with Intel J4105 QUAD-CORE processor performance, delivers unmatched speed. Run multiple apps and browser tabs and videos smoothly, ensuring faster multitasking and enjoying immersive entertainment, work and study. | 【STORAGE AND MEMORY】6GB RAM boosts your performance. Plus, hard drive ​with 128 GB SSD, Support up to connect 512GB external storage space and 1TB SSD expansion, plenty of space and faster read and write speeds for your documents, photos and videos. | 【CONNECTIVITY AND PORTS】5000mAh large battery, Sleep standby for up to 200 hours, 5-6 hours of video playback. With 2.4G+5G WiFi and Bluetooth 4.2, Using dual USB3.0, and Mini HDMI available slots(Adapters required),this windows laptop allows you to expand to multiple devices, achieve fast wireless transmission and smooth network in any place like coffee shop, library or even travel. | 【LIGHT AND CONVENIENT】W6 laptop weighs only 1.63 kilograms, Equipped with a 15.6-inch large screen, the laptop screen can be rotated 180 degrees. This laptop features 1920x1080 Full HD. You'll get immersive, brilliant colors and great clarity during a movie, e-learning, or video meeting. The best Christmas gift for friends. | 【WINDOWS 10 Pro AND SERVICE】Experience the most secure Windows ever built with increased responsiveness, packed with Silicone keyboard protection film, At the same time, Laptop has 1+1 year VIP service. If you encounter any problems, we will have professional technicians to help you solve them.","{""Standing screen display size"": ""15.6 Inches"", ""Screen Resolution"": ""1920 x 1080 pixels"", ""Max Screen Resolution"": ""1920 x 1080 Pixels"", ""Processor"": ""1.5 GHz celeron"", ""RAM"": ""LPDDR4"", ""Hard Drive"": ""128 GB SSD"", ""Graphics Coprocessor"": ""Intel J4105"", ""Chipset Brand"": ""Intel"", ""Card Description"": ""Integrated"", ""Graphics Card Ram Size"": ""6 GB"", ""Wireless Type"": ""Bluetooth, 802.11a/b/g/n/ac"", ""Number of USB 3.0 Ports"": ""2"", ""Average Battery Life (in hours)"": ""5 \tyears"", ""Brand"": ""Ruzava"", ""Series"": ""W6"", ""Item model number"": ""W6"", ""Hardware Platform"": ""Windows 10 Pro"", ""Operating System"": ""Windows 10 Pro"", ""Item Weight"": ""3.59 pounds"", ""Product Dimensions"": ""14.13 x 9.53 x 1.1 inches"", ""Item Dimensions  LxWxH"": ""14.13 x 9.53 x 1.1 inches"", ""Color"": ""Gray"", ""Rear Webcam Resolution"": ""2 MP"", ""Processor Brand"": ""Intel"", ""Number of Processors"": ""4"", ""Computer Memory Type"": ""DDR4 SDRAM"", ""Flash Memory Size"": ""128 GB"", ""Hard Drive Interface"": ""USB 3.0"", ""Hard Drive Rotational Speed"": ""600 RPM"", ""Voltage"": ""200 Volts"", ""Batteries"": ""1 Lithium Polymer batteries required. (included)"", ""Best Sellers Rank"": {""Computers & Accessories"": 15946, ""Traditional Laptop Computers"": 2298}, ""Date First Available"": ""June 6, 2022"", ""Model Name"": ""W6"", ""Screen Size"": ""15.6 Inches"", ""Hard Disk Size"": ""128 GB"", ""CPU Model"": ""Celeron"", ""Ram Memory Installed Size"": ""6 GB"", ""Special Feature"": ""Fingerprint Reader"", ""Graphics Card Description"": ""Integrated""}",,6,128,15.6,3.59,,,,
lt-023,HP Stream 14in Laptop,299.0,4.3,,,,,"2022 Newest HP Stream 14in HD Laptop, Intel Celeron N4020(up to 2.8GHz), 8GB RAM, 128GB Space(64GB eMMC+ Card), 1-Year Office 365, WiFi, HDMI, USB-C, Webcam, Bluetooth, Windows 11S,Rose Gold+JVQ MP","【Intel Celeron N4020】Intel Celeron Processor N4020 @ 1.10GHz (2 Cores, 4M Cache, up to 2.80 GHz), dual-core processor boosts multitasking capabilities for reliable Internet browsing, e-mail and everyday productivity | 【14"" Diagonal HD Display】14"" diagonal HD anti-glare micro-edge, 220 nits, 45% NTSC (1366x768); Intel UHD Graphics 600,on-processor Graphics with Shared video Memory provide everyday image quality for Internet use, basic photo editing and casual gaming. | 【8GB RAM and 128GB SPACE】8GB DDR4 RAM, 64GB eMMC PLUS 64GB Storage Card. HP True Vision 720p HD camera with integrated dual array digital microphones Ideal for Home, Student, Professionals, Small Business, School Education, and Commercial Enterprise, Online Class, Google Classroom, Remote Learning, Zoom Ready | 【Ports】1 x USB 3.1 Type-C ports, 2 x USB 3.1 Type-A ports, 1 x HDMI, 1 x Headphone/Microphone Combo Jack, and there’s a microSD slot | 【Windows 11 Home in S mode】You may switch to regular windows 11: Press ""Start button"" bottom left of the screen; Select ""Settings"" icon above ""power"" icon;Select ""Activation"", then Go to Store; Select Get option under ""Switch out of S mode""; Hit Install. (If you also see an ""Upgrade your edition of Windows"" section, be careful not to click the ""Go to the Store"" link that appears there.)","{""Standing screen display size"": ""14 Inches"", ""Screen Resolution"": ""1366 x 768 pixels"", ""Max Screen Resolution"": ""1366 x 768 Pixels"", ""Processor"": ""1.1 GHz celeron_n4020"", ""RAM"": ""8 GB DDR4"", ""Memory Speed"": ""2400 MHz"", ""Hard Drive"": ""128 GB Hybrid"", ""Graphics Coprocessor"": ""Intel UHD Graphics 600"", ""Chipset Brand"": ""Intel"", ""Card Description"": ""Integrated"", ""Wireless Type"": ""802.11ac"", ""Number of USB 3.0 Ports"": ""3"", ""Average Battery Life (in hours)"": ""9 Hours"", ""Brand"": ""HP Tuners"", ""Series"": ""HP Stream"", ""Item model number"": ""HP 14 LAPTOP"", ""Hardware Platform"": ""PC"", ""Operating System"": ""Windows 11 S"", ""Item Weight"": ""3.2 pounds"", ""Product Dimensions"": ""12.76 x 8.86 x 0.71 inches"", ""Item Dimensions  LxWxH"": ""12.76 x 8.86 x 0.71 inches"", ""Color"": ""Pale Rose Gold"", ""Rear Webcam Resolution"": ""720 Pixels"", ""Processor Brand"": ""Intel"", ""Number of Processors"": ""2"", ""Computer Memory Type"": ""DDR4 SDRAM"", ""Flash Memory Size"": ""64 GB"", ""Hard Drive Interface"": ""ATA"", ""Power Source"": ""AC & Battery"", ""Voltage"": ""5 Volts"", ""Best Sellers Rank"": {""Computers & Accessories"": 16576, ""Traditional Laptop Computers"": 2411}, ""Date First Available"": ""March 8, 2022"", ""Screen Size"": ""14 Inches"", ""Hard Disk Size"": ""128 GB"", ""CPU Model"": ""Celeron N4020"", ""Ram Memory Installed Size"": ""8 GB""}",,8,128,14.0,3.2,,,,
lt-024,Acer Chromebook 315 Laptop,299.99,4.8,,,,,Acer 2022 Chromebook 315 Laptop Computer 15.6” Full HD 1080P Touchscreen IPS Display Intel Celeron N4020 Processor (Up to 2.8GHz) 4GB RAM 64GB eMMC Webcam BT USB Type C Chrome OS + TiTac Accessory,"Intel Celeron processor N4020, Ultra-low-voltage platform. Dual-core, two-way processing provides maximum high-efficiency power to go. | 4GB RAM, Plenty of high-bandwidth RAM to smoothly run your games as well as multiple programs. 64GB eMMC flash memory, This ultracompact memory system is ideal for mobile devices and applications, providing enhanced storage capabilities, streamlined data management, quick boot-up times and support for high-definition video playback. | 15.6” FULL HD 1080P ComfyView (Matte) IPS Display, 1920 x 1080 resolution boasts impressive color and clarity, Anti-glare Energy-efficient LED screen. | [Ports] 2x USB 3.1 Type-C, 2x USB 3.0 Type A, 1x Headphone-out/microphone-in combo jack. Wireless-AC + Bluetooth | Chrome OS included. 3-Cell Lithium Ion Battery, Up to 12.50 hours. 14.4"" x 9.9"" x 0.8"", 3.59 lbs. bundled with TiTac 32GB Card, Brand Register on amazon","{""Standing screen display size"": ""15.6 Inches"", ""Max Screen Resolution"": ""1920 x 1080 Pixels"", ""Processor"": ""1.1 GHz celeron_n4020"", ""RAM"": ""4 GB DDR4"", ""Memory Speed"": ""2.8 GHz"", ""Hard Drive"": ""64 GB SSD"", ""Graphics Coprocessor"": ""Intel UHD Graphics 600"", ""Chipset Brand"": ""Intel"", ""Card Description"": ""Integrated"", ""Wireless Type"": ""Bluetooth"", ""Brand"": ""Acer"", ""Series"": ""Acer 315 Chromebook"", ""Item model number"": ""Acer Touchscreen 315 Chromebook"", ""Hardware Platform"": ""PC"", ""Operating System"": ""Chrome OS"", ""Item Weight"": ""3.59 pounds"", ""Package Dimensions"": ""19.88 x 12.76 x 3.9 inches"", ""Processor Brand"": ""Intel"", ""Number of Processors"": ""2"", ""Computer Memory Type"": ""DDR4 SDRAM"", ""Flash Memory Size"": ""64 GB"", ""Hard Drive Interface"": ""Solid State"", ""Hard Drive Rotational Speed"": ""7200.00"", ""Power Source"": ""Battery Powered"", ""Voltage"": ""3.7 Volts"", ""Batteries"": ""1 Lithium Ion batteries required. (included)"", ""Best Sellers Rank"": {""Computers & Accessories"": 10136, ""Traditional Laptop Computers"": 1373}, ""Date First Available"": ""October 7, 2021"", ""Screen Size"": ""15.6 Inches"", ""Hard Disk Size"": ""64 GB"", ""CPU Model"": ""Celeron N4020"", ""Ram Memory Installed Size"": ""4 GB"", ""CPU Speed"": ""1.1 GHz""}",,4,64,15.6,3.59,,,,
lt-025,ALLDOCUBE GT Book 13,299.99,4.3,,,,,"ALLDOCUBE Laptop Computers with Windows 11 GT Book 13, Intel Celeron N5100, Quad Core, Laptop 12GB Ram 256GB SSD, 13.5"" 3K Display 3000x2000, 2.4G+5G WiFi, Bluetooth, Type C, HDMI, Full Metal, Gray","💻【With 3K Display】The windows 11 laptop is equipped with 13.5” 3K IPS screen with 3000x2000 ultra-clear resolution, full viewing angle display, with immersive experience and perfect combination of brilliant colors and realistic image details, diverse and exciting, giving you comfortable feeling no matter in browsing, watching videos or in computing | 💻【Laptop 12GB Ram+256GB SSD】Built-in 12GB RAM, multitasking without any delay, enjoy fast and stable running speed, with 256GB SSD, expand up to 1TB, also support TF card, up to 256GB, ensures to have ample room to store your apps, songs, videos, pictures etc. This pc computer has rich port such as USB 3.0, Type-C, HDMI, DC jack, earphone jack, TF card slot, multimedia needs can be fully meet. | 💻【Powerful Processor】Powered with 14nm power-saving Intel Celeron N5100 CPU, frequency ranges from 1.1GHz to 2.8GHz,4MB cache, this laptop computer can fully meet your needs no matter in office, design or entertainment, built in Intel UHD Graphics 600, more easily running no matter running office software or online video, social chat and other applications. | 💻【Strong connection】Built in 2.4G+5G dual band wifi with IEEE 802.11 ac/b/g/n, with Bluetooth 4.2, making you to have a fast and stable networking connection, freely to connect with your other devices such as bluetooth speaker, bluetooth earphones, support HDMI, easily to connect with your TV or projector, a full function Type-C port can support to extend to connect with Ethernet and more USB ports. | 💻【Other highlight features】The 13.5"" windows 11 laptop is super slim and lightweight, weighs to only 1.3kg,easily to put in the bags to carry on, with 8000mah battery, meet your daily use when scanning news, deal with emails, watch videos, pre-insalled Windows 11 Home OS, enjoy the full windows version with office suites, We offer 1 year warranty, if you have any questions, do not hesitate to contact us.","{""Standing screen display size"": ""13.5 Inches"", ""Screen Resolution"": ""3000 x 2000 pixels"", ""Max Screen Resolution"": ""3000x2000 Pixels"", ""Processor"": ""1.1 GHz celeron_n"", ""RAM"": ""12 GB DDR4"", ""Memory Speed"": ""2.8 GHz"", ""Hard Drive"": ""256 GB SSD"", ""Graphics Coprocessor"": ""Intel UHD Graphics"", ""Chipset Brand"": ""Intel"", ""Card Description"": ""Integrated"", ""Wireless Type"": ""802.11a/b/g/n/ac"", ""Number of USB 3.0 Ports"": ""2"", ""Average Battery Life (in hours)"": ""8 Hours"", ""Brand"": ""ALLDOCUBE"", ""Series"": ""GTBook 13"", ""Item model number"": ""GTBook 13"", ""Hardware Platform"": ""PC"", ""Operating System"": ""Windows 11"", ""Item Weight"": ""0.085 ounces"", ""Product Dimensions"": ""11.8 x 8.5 x 0.63 inches"", ""Item Dimensions  LxWxH"": ""11.8 x 8.5 x 0.63 inches"", ""Color"": ""Gray"", ""Rear Webcam Resolution"": ""1 MP"", ""Processor Brand"": ""Intel"", ""Number of Processors"": ""4"", ""Computer Memory Type"": ""DDR4 SDRAM"", ""Flash Memory Size"": ""256 GB"", ""Hard Drive Interface"": ""ATA"", ""Optical Drive Type"": ""DVD"", ""Voltage"": ""3.7 Volts"", ""Batteries"": ""1 Lithium Polymer batteries required. (included)"", ""Best Sellers Rank"": {""Computers & Accessories"": 70690, ""Traditional Laptop Computers"": 13629}, ""Date First Available"": ""November 26, 2022"", ""Screen Size"": ""13.5 Inches"", ""Hard Disk Size"": ""256 GB"", ""CPU Model"": ""Celeron N"", ""Ram Memory Installed Size"": ""12 GB"", ""Special Feature"": ""3K display, cooling fan""}",,12,256,13.5,2.87,,,,
lt-026,Coolby ZealBook 15.6 inch Laptop,319.0,4.2,,,,,"2023 Windows 11 Laptop, 15.6 inch 1920x1080 IPS Display, Coolby 12GB DDR4 RAM / 256GB SSD Laptop Computers, Intel N4120 Quad-Core Processor Notebook PC, Support 2.4G/5G Hz WiFi, BT, Full Size Keyboard","【10th generation intel chip】 Equipped with Intel 10th Gemini Lake Refresh series N4120 chip, This high-definition notebook computer runs smoothly, with super-fast processing speed, and can easily cope with various productivity software without stuttering.Windows 11 Pro is pre-installed and licensed;turbo frequency up to 2.6GHz, 14nm quad-core, and four-thread fast processing. | 【Ultra-Restoring 1080P Display】 The ultra-thin notebook computer adopts a 15.6-inch full HD, 1920*1080 high-resolution screen, a large IPS process 16:9 display, and 100% RGB color reproduction; restores the essence of color and protects eyesight. Guaranteed high-quality sharp, lifelike images in millions of colors. | 【Large-capacity full-size keyboard】 The Coolby ZealBook also has 12GB RAM, 256GB SATA SSD plus up to 256GB MicroTF interface, up to 1TB, to satisfy your study, work, and entertainment anytime, anywhere! Full-size keyboard, including QWERTY US key set, and full number pad. Enlarged keyboard size is more suitable for hand use! The enlarged version of the 6.5-inch touchpad has a larger operating space! | 【Energy saving and lasting on the go】 Coolby ZealBook is a laptop with a fanless design, keeping it thin, quiet, smooth, and stylish. Built-in 34.2Wh high-density polymer lithium battery with a battery life of up to 9 hours. And at only 1.5kg, this thin and light laptop is lightweight and easy to carry. | 【Multifunctional Connection Design】 In order to improve the practicality and connectivity and portability of the laptop, it has excellent wired and wireless connectivity, with 2 USB 3.0 ports, mini HDMI and 3.5mm headphone ports, DC adapter interface; dual frequency 2.4GHz/5GHz WiFi, BT4.2; support built-in microphone, and surround audio playback! We're so confident in our line of laptops and notebooks, we offer a full 12-month warranty!","{""Standing screen display size"": ""15.6 Inches"", ""Screen Resolution"": ""1920 x 1080 pixels"", ""Max Screen Resolution"": ""1920 x 1080 Pixels"", ""Processor"": ""2.6 GHz celeron"", ""RAM"": ""12 GB DDR4"", ""Memory Speed"": ""2.6 GHz"", ""Hard Drive"": ""256 GB SSD"", ""Graphics Coprocessor"": ""Intel UHD Graphic 600"", ""Chipset Brand"": ""Intel"", ""Card Description"": ""Integrated"", ""Graphics Card Ram Size"": ""1.00"", ""Wireless Type"": ""Bluetooth, 802.11a/b/g/n/ac"", ""Number of USB 3.0 Ports"": ""2"", ""Brand"": ""Coolby"", ""Series"": ""BCL50"", ""Item model number"": ""ZealBook"", ""Hardware Platform"": ""PC, Linux"", ""Operating System"": ""Windows 11 Pro"", ""Item Weight"": ""3.31 pounds"", ""Product Dimensions"": ""14.1 x 9 x 1 inches"", ""Item Dimensions  LxWxH"": ""14.1 x 9 x 1 inches"", ""Processor Brand"": ""Intel"", ""Number of Processors"": ""4"", ""Computer Memory Type"": ""DDR4 SDRAM"", ""Flash Memory Size"": ""256 GB"", ""Hard Drive Interface"": ""Solid State"", ""Optical Drive Type"": ""No"", ""Voltage"": ""12 Volts"", ""Batteries"": ""1 Product Specific batteries required. (included)"", ""Best Sellers Rank"": {""Computers & Accessories"": 5291, ""Traditional Laptop Computers"": 623}, ""Date First Available"": ""October 17, 2022"", ""Screen Size"": ""15.6 Inches"", ""Hard Disk Size"": ""256 GB"", ""CPU Model"": ""Celeron"", ""Ram Memory Installed Size"": ""12 GB"", ""Special Feature"": ""Full Size Keyboard, Fanless""}",,12,256,15.6,3.31,,,,
lt-027,Basrdis Inspiro.n 15 3000,346.99,4.4,,,,,"Basrdis NewDell Inspiro.n 15 3000 Laptop, 15.6” HD Anti-Glare Narrow Border Display, Intel_Celeron N4020 Processor, 4GB RAM, 128GB SSD, Windows 10, WiFi HDMI, 1-Week Support","15.6-inch HD (1366 x 768) Anti-glare LED-Backlit Non-touch Narrow Border Display, Accent Black | Intel Celeron Processor N4020 (4MB Cache, up to 2.8 GHz), Intel UHD Graphics 600 with shared graphics memory | 4GB, 1x4GB, DDR4, 2400MHz Memory, 128GB M.2 PCIe NVMe Solid State Drive | Windows 10 Home (S mode) 64-bit, English Operating System, 802.11ac 1x1 WiFi and Bluetooth Wireless, 720p at 30 fps HD camera, single-array microphone, High Definition Audio, 2.0 stereo speakers, Realtek ALC3204 with Waves MaxxAudio Pro, 2 W x 2 = 4 W total | Ports & Slots: 1 USB 2.0 Gen 1 Type-A / 1 HDMI 1.4 / 1 RJ45 / 2 USB 3.2 Gen 1 Type-A / 1 Audio Jack / 1 SD Card Reader / 1 Wedge-shaped lock slot / 1 M.2 2230 slot for WiFi and Bluetooth combo card / 1 M.2 2230/2280 slot for solid-state drive / 1 SATA slot for 2.5-inch hard drive / 1 SoDIMMs","{""Standing screen display size"": ""15.6 Inches"", ""Max Screen Resolution"": ""1366 x 768 Pixels"", ""Processor"": ""2.8 GHz celeron"", ""RAM"": ""4 GB DDR4"", ""Memory Speed"": ""2.8 GHz"", ""Hard Drive"": ""128 GB SSD"", ""Graphics Coprocessor"": ""Intel UHD Graphics"", ""Chipset Brand"": ""Intel"", ""Card Description"": ""Integrated"", ""Wireless Type"": ""802.11ac"", ""Brand"": ""Basrdis"", ""Series"": ""Inspiro.n 15 3000"", ""Item model number"": ""Inspiro.n 15 3000"", ""Hardware Platform"": ""PC"", ""Operating System"": ""Windows 10 S"", ""Item Weight"": ""3.89 pounds"", ""Product Dimensions"": ""14.33 x 9.8 x 0.75 inches"", ""Item Dimensions  LxWxH"": ""14.33 x 9.8 x 0.75 inches"", ""Color"": ""Accent Black"", ""Processor Brand"": ""Intel"", ""Number of Processors"": ""2"", ""Computer Memory Type"": ""DDR4 SDRAM"", ""Flash Memory Size"": ""128 GB"", ""Hard Drive Interface"": ""Solid State"", ""Power Source"": ""AC & Battery"", ""Batteries"": ""1 Lithium Ion batteries required. (included)"", ""Best Sellers Rank"": {""Computers & Accessories"": 59560, ""Traditional Laptop Computers"": 11282}, ""Date First Available"": ""February 16, 2021"", ""Model Name"": ""Inspiro.n 15 3000"", ""Screen Size"": ""15.6 Inches"", ""Hard Disk Size"": ""128 GB"", ""CPU Model"": ""Celeron"", ""Ram Memory Installed Size"": ""4 GB"", ""Special Feature"": ""Anti-glare"", ""Graphics Card Description"": ""Integrated""}",,4,128,15.6,3.91,,,,
lt-028,"Bmax X15Plus 15.6"" Laptop",348.99,3.9,,,,,"Bmax Laptop 15.6"", 12GB DDR4 RAM 512GB SSD, Intel Celeron N5095 Quad Core Processor (up to 2.9GHz), 2K FHD IPS Display, Windows 11 Gaming Laptop Thin Traditional Computers Expandable 1TB SSD","✅【Professional N5095 CPU】X15Plus Windows 11 Pro Laptops equipped with Intel 11th Celeron N5095. Up to 2.9GHz and 4 Core 4 Threds. It can always keep efficient running efficiency. High efficiency for work, online study or daily games.Built-in Intel UHD Graphics , Support 4K Video@60Hz. | ✅【Runs Smoothly without Waiting】Equipped with 12GB DDR4 512GB fast SSD.Extremely fast access to all data, videos or songs, quick boot-up times. Easy to run multiple programs. | ✅【Narrow Bezel FHD IPS Display】X15Plus Windows laptops comes with 15.6” FHD 1920x1080 IPS display and 3mm Narrow Bezel , you can enjoy the ideal picture with bright, saturated and natural colors in any angles. Large 38Wh lithium-ion battery easily meet daily needs. | ✅【Lightweight and Numeric Keyboard】Weights only to 1.6kg, easily to put in your bags to carry on when going out. Equipped with independent numeric keyboard and large trackpad, easy to improve work efficiency. | ✅【One year warranty】Comes with a 12 months of warranty, worry-free 30-day return and 7 days/ 24 hours friendly customer serving. 2 Replaceable Plug(US,EU) comes together on your package, meet all your connectivity needs when travel around.","{""Standing screen display size"": ""15.6 Inches"", ""Max Screen Resolution"": ""1920 x 1080 Pixels"", ""Processor"": ""2.9 GHz celeron"", ""RAM"": ""12 GB LPDDR4"", ""Hard Drive"": ""512 GB SSD"", ""Graphics Coprocessor"": ""Intel Celeron N5095"", ""Chipset Brand"": ""Intel"", ""Card Description"": ""Integrated"", ""Wireless Type"": ""802.11a/b/g/n/ac"", ""Number of USB 3.0 Ports"": ""2"", ""Brand"": ""Bmax"", ""Series"": ""X15 Plus"", ""Operating System"": ""Windows 11"", ""Item Weight"": ""3.52 pounds"", ""Product Dimensions"": ""14.1 x 9.5 x 0.78 inches"", ""Item Dimensions  LxWxH"": ""14.1 x 9.5 x 0.78 inches"", ""Processor Brand"": ""Intel"", ""Number of Processors"": ""4"", ""Computer Memory Type"": ""DDR4 SDRAM"", ""Flash Memory Size"": ""512 GB"", ""Hard Drive Interface"": ""Serial ATA-600"", ""Batteries"": ""1 Lithium Polymer batteries required. (included)"", ""Best Sellers Rank"": {""Computers & Accessories"": 1885, ""Traditional Laptop Computers"": 216}, ""Date First Available"": ""January 5, 2023"", ""Screen Size"": ""15.6 Inches"", ""Hard Disk Size"": ""512 GB"", ""CPU Model"": ""Celeron"", ""Ram Memory Installed Size"": ""12 GB"", ""CPU Speed"": ""2.9 GHz""}",,12,512,15.6,3.52,,,,
lt-030,WAICID 15.6 Inch Laptop,359.98,3.8,,,,,"WAICID Laptop 15.6 Inch, 512GB SSD 12GB DDR4, Intel Celeron N5095(4M Cache, up to 2.9 GHz), Windows 11 Laptops Computer with USB Type-C, IPS FHD 1080P Display, 5G/2.4Ghz WiFi, 2*USB 3.0, Bluetooth 4.2","【12GB RAM 512GB SSD storage】12GB LPDDR4 RAM for advanced multitasking, smoothly run your programs, and browser tabs. with 512GB SSD storage, experience 3x faster data transfer performance than a traditional eMMC hard drive, faster boot time. Supports 512GB TF card, the 512 GB SSD can be replaced by SSD up to 1 TB. | 【15.6 INCHES LAPTOP WINDOWS 11】It comes with Windows 11 system, new look and feel, maximize your productivity, with a 15.6 inches micro-edge Full HD (1920 x 1080) IPS screen, you can enjoy clear, bright and vivid 4K picture. | 【RELIABLE PERFORMANCE 】Tackle your daily tasks easily and quickly with the performance of a Intel Jasper lake Quad-Core Processor, 4M cache, Base Frequency 2.0 GHz Burst Frequency 2.90 GHz, built-in Intel UHD Graphics. | 【ULTRA THIN AND PORTABLE】This computer laptop is only 0.8 inch thin and lightweighs only 3.68 lb, it's easy to take this laptop pc anywhere, It also gets an 38000mWh high-capacity battery that can last up to 8 hours long battery life, convenient for traveling. | 【CONVENIENCE AND WARRANTY】Experience smooth wireless connection with 802.11 b/g/n/ac 2.4G/5G WiFi and Bluetooth 4.2. Rich-ports include, USB Type-C, 2*USB 3.0, Mini HD, DC Charging, Audio jack, Micro SD slot. All WAICID laptops come with a 1-year warranty, you can enjoy it.","{""Standing screen display size"": ""15.6 Inches"", ""Max Screen Resolution"": ""1920 x 1080 Pixels"", ""Processor"": ""2.9 GHz celeron_n"", ""RAM"": ""12 GB DDR4"", ""Hard Drive"": ""512 GB SSD"", ""Graphics Coprocessor"": ""‎Intel HD Graphics"", ""Chipset Brand"": ""Intel"", ""Card Description"": ""Integrated"", ""Wireless Type"": ""5 GHz Radio Frequency, 2.4 GHz Radio Frequency"", ""Number of USB 3.0 Ports"": ""2"", ""Average Battery Life (in hours)"": ""8 Hours"", ""Brand"": ""WAICID"", ""Series"": ""WAICID A6 Pro"", ""Hardware Platform"": ""PC"", ""Operating System"": ""Windows 11 Home"", ""Item Weight"": ""3.6 pounds"", ""Product Dimensions"": ""12.9 x 8.5 x 0.8 inches"", ""Item Dimensions  LxWxH"": ""12.9 x 8.5 x 0.8 inches"", ""Color"": ""Gray"", ""Processor Brand"": ""Intel"", ""Number of Processors"": ""4"", ""Computer Memory Type"": ""DDR4 SDRAM"", ""Flash Memory Size"": ""512 GB"", ""Hard Drive Interface"": ""USB 3.0"", ""Optical Drive Type"": ""No Optical Drive"", ""Batteries"": ""1 Lithium Ion batteries required. (included)"", ""Best Sellers Rank"": {""Computers & Accessories"": 1748, ""Traditional Laptop Computers"": 191}, ""Date First Available"": ""April 11, 2023"", ""Model Name"": ""WAICID A6 Pro"", ""Screen Size"": ""15.6 Inches"", ""Hard Disk Size"": ""512 GB"", ""CPU Model"": ""Celeron N"", ""Ram Memory Installed Size"": ""12 GB"", ""Graphics Card Description"": ""Integrated""}",,12,512,15.6,3.6,,,,
lt-031,SGIN Laptop 15.6 Inch Windows 11,359.99,4.3,,,,,"SGIN Laptop 12GB RAM 512GB SSD, 15.6 Inch Windows 11 Laptops with Intel Celeron N5095 Quad-Core Processor(up to 2.9 GHz), Full HD 1080P Screen, Mini HDMI, 2.4/5.0G WiFi, Webcam, Bluetooth 4.2, Grey","Efficient Performance: The 15.6 inch laptop is pre-installed with Windows 11 and equipped with a powerful Intel Celeron N5095 Quad-Core processor with a turbo frequency of up to 2.9 GHz. The performance of the laptop prevents you from lagging in the process of use. The newest laptop come with cleaning flow fans and anti-dust technology extend system, which is designed for airfolw. It can immerse yourself in another world. | Storage and Memory: The laptop has built-in 12GB RAM and 512GB storage space, runs smoothly, responds quickly, handles multi-application and multimedia workflows efficiently and quickly, supports 512GB TF card expansion. With extensive interfaces such as Mini HDMI, 2xUSB 3.0, USB Type-C, Micro SD card slot, etc. to meet your needs. | Beautiful Large Display: The Windows 11 laptop adopts a 15.6-inch 1920×1080 Full HD IPS screen, the text is sharp and clear, and the colors are more vivid. Wide range of applications, suitable for study, work, entertainment, Internet surfing. | Long Battery Life: The Full HD Laptop is matched with a thin shell, 2cm slim body, 1.69KG lightweight, and easy to carry. Equipped with an advanced 38000 mWh rechargeable battery, providing up to 8 hours of battery life, convenient for traveling. | Worry-free after-sales: SGIN provide 365 days warranty service, if you have any questions, please contact us, we will reply you within 12 hours to help you solve the problem.","{""Standing screen display size"": ""15.6 Inches"", ""Max Screen Resolution"": ""1920 x 1080 Pixels"", ""Processor"": ""2.9 GHz celeron"", ""Hard Drive"": ""512 GB SSD"", ""Graphics Coprocessor"": ""Integrated"", ""Chipset Brand"": ""Intel"", ""Card Description"": ""Integrated"", ""Brand"": ""SGIN"", ""Item model number"": ""X15"", ""Hardware Platform"": ""Linux"", ""Item Weight"": ""5.55 pounds"", ""Product Dimensions"": ""15.6 x 9 x 0.6 inches"", ""Item Dimensions  LxWxH"": ""15.6 x 9 x 0.6 inches"", ""Processor Brand"": ""Intel"", ""Number of Processors"": ""4"", ""Computer Memory Type"": ""DDR4 SDRAM"", ""Flash Memory Size"": ""512 GB"", ""Hard Drive Interface"": ""USB 3.0"", ""Batteries"": ""1 Lithium Ion batteries required. (included)"", ""Best Sellers Rank"": {""Computers & Accessories"": 121, ""Traditional Laptop Computers"": 8}, ""Date First Available"": ""March 7, 2023"", ""Screen Size"": ""15.6 Inches"", ""Hard Disk Size"": ""512 GB"", ""CPU Model"": ""Celeron"", ""Ram Memory Installed Size"": ""12 GB"", ""CPU Speed"": ""2.9 GHz"", ""Hard Disk Description"": ""SSD"", ""Resolution"": ""1080p""}",,12,512,15.6,5.55,,,,
lt-035,Acer Chromebook 514 Laptop,459.99,4.0,,,,,"Acer Chromebook 514 Laptop | 14"" FHD Touch | MediaTek Kompanio 828 Octa-Core Processor | 8GB RAM | 64GB eMMC | Wi-Fi 6 | Backlit KB | Chrome OS | Up to 15 Hours Battery Life | CB514-2HT-K0FZ, Silver","Chromebook runs on Chrome OS - An operating system by Google that is built for the way we live today. It comes with built-in virus protection, updates automatically, boots up in seconds and continues to stay fast over time. (Internet connection is required). | All the Google apps you know and love come standard on every Chromebook, which means you can edit, download, and convert Microsoft Office files in Google Docs, Sheets and Slides. | Get access to more than 2 million Android apps from Google Play to learn and do more. | Chromebooks come with built-in storage for offline access to your most important files and an additional 100GB of Google Drive space to ensure that all of your files are backed up automatically. | MediaTek Kompanio 828 Octa-Core ARM Cortex-A76/A55 Multi-Processor (Up to 2.6GHz) Integrated Mali-G57 MC5 Penta-Core Graphics | 14.0"" Full HD Touch 1920 x 1080 Widescreen ComfyView LED-backlit IPS Display 8GB LPDDR4X On-Board Memory 64GB eMMC | 802.11ax Wi-Fi 6 Dual-Band 2.4GHz and 5GHz featuring 2x2 MU-MIMO RX technology Bluetooth 5.2 | 2 - USB Type C ports supporting USB 3.2 Gen 1 (up to 5 Gbps), DisplayPort over USB-C, USB Charging, DC-in 1 - USB 3.0 port | Up to 15 hours of battery life Fast charge up to 50% of the battery in just 30 minutes Backlit Keyboard Protective Sleeve Chrome OS","{""Standing screen display size"": ""14 Inches"", ""Screen Resolution"": ""1920 x 1080 pixels"", ""Max Screen Resolution"": ""1920 x 1080"", ""Processor"": ""2.6 GHz MediaTek_MT8125"", ""RAM"": ""8 GB LPDDR4X"", ""Memory Speed"": ""2.6 GHz"", ""Hard Drive"": ""64 GB SSD"", ""Chipset Brand"": ""Intel"", ""Card Description"": ""Integrated"", ""Wireless Type"": ""Bluetooth, 802.11ax"", ""Number of USB 3.0 Ports"": ""3"", ""Average Battery Life (in hours)"": ""15 Hours"", ""Brand"": ""Acer"", ""Series"": ""CB514-2HT-K0FZ"", ""Item model number"": ""NX.AS2AA.005"", ""Operating System"": ""Chrome OS"", ""Item Weight"": ""3.02 pounds"", ""Product Dimensions"": ""12.74 x 8.94 x 0.66 inches"", ""Item Dimensions  LxWxH"": ""12.74 x 8.94 x 0.66 inches"", ""Color"": ""Silver"", ""Processor Brand"": ""MediaTek"", ""Number of Processors"": ""8"", ""Flash Memory Size"": ""64 GB"", ""Hard Drive Interface"": ""USB 3.2"", ""Optical Drive Type"": ""No Optical Drive"", ""Power Source"": ""Battery Powered"", ""Voltage"": ""24 Volts"", ""Batteries"": ""1 Lithium Ion batteries required. (included)"", ""Best Sellers Rank"": {""Computers & Accessories"": 4729, ""Traditional Laptop Computers"": 530}, ""Date First Available"": ""February 21, 2022"", ""Screen Size"": ""14 Inches"", ""Hard Disk Size"": ""64 GB"", ""CPU Model"": ""MediaTek MT8125"", ""Ram Memory Installed Size"": ""8 GB"", ""Special Feature"": ""Backlit""}",,8,64,14.0,3.02,,,,
lt-036,Microsoft Surface Laptop Go,487.1,4.5,,,,,"Microsoft Surface Laptop Go - 12.4"" Touchscreen - Intel Core i5 - 8GB Memory - 128GB SSD - Ice Blue","Sleek design and standout value. At just 2.44 pounds, it’s light, portable, and easy to keep by your side throughout the day. | Be productive, browse, and binge watch on the 12.4” PixelSense touchscreen display. | Convenient security with Windows Hello sign-in, plus Fingerprint Power Button with Windows Hello and One Touch sign-in on select models. | Run your favorite apps and keep up on social media with a 10th Gen Intel Core Processor. | Show your best side on video calls, meetings, and virtual get-togethers with the built-in 720p HD camera. | You’re going to need Word, Excel, and PowerPoint. Don’t forget to add Microsoft 365","{""Standing screen display size"": ""12.4 Inches"", ""Screen Resolution"": ""1536 x 1024 pixels"", ""Max Screen Resolution"": ""1536_x_1024"", ""Processor"": ""3.6 GHz core_i5_1035g1"", ""RAM"": ""8 GB LPDDR4"", ""Memory Speed"": ""2400 MHz"", ""Hard Drive"": ""128 GB SSD"", ""Graphics Coprocessor"": ""Intel UHD Graphics"", ""Chipset Brand"": ""Intel"", ""Card Description"": ""Integrated"", ""Wireless Type"": ""802.11ax"", ""Number of USB 3.0 Ports"": ""2"", ""Average Battery Life (in hours)"": ""13 Hours"", ""Brand"": ""Microsoft"", ""Series"": ""Surface Laptop Go"", ""Item model number"": ""THH-00024"", ""Hardware Platform"": ""PC"", ""Operating System"": ""Windows 10 S"", ""Item Weight"": ""2.45 pounds"", ""Product Dimensions"": ""9.27 x 12.19 x 1.93 inches"", ""Item Dimensions  LxWxH"": ""9.27 x 12.19 x 1.93 inches"", ""Color"": ""Ice Blue"", ""Processor Brand"": ""Intel"", ""Number of Processors"": ""4"", ""Computer Memory Type"": ""DDR4 SDRAM"", ""Flash Memory Size"": ""128"", ""Hard Drive Interface"": ""Solid State"", ""Optical Drive Type"": ""No Optical Drive"", ""Power Source"": ""Battery Powered"", ""Voltage"": ""15 Volts"", ""Batteries"": ""1 Lithium Ion batteries required. (included)"", ""Best Sellers Rank"": {""Computers & Accessories"": 2688, ""Traditional Laptop Computers"": 303, ""Climate Pledge Friendly: Computers"": 724}, ""Date First Available"": ""October 1, 2020"", ""Screen Size"": ""12.4 Inches"", ""Hard Disk Size"": ""128 GB"", ""CPU Model"": ""Core i5-1035G1"", ""Ram Memory Installed Size"": ""8 GB"", ""Special Feature"": ""Fingerprint Power Button""}",,8,128,12.4,2.45,,,,
lt-037,ASUS VivoBook 15.6 FHD Touchscreen,499.0,4.2,,,,,"ASUS Newest VivoBook 15.6"" FHD Touchscreen Laptop, 11th Gen Intel i3-1115G4 up to 4.1GHz, 20GB DDR4 RAM, 1TB SSD, Fingerprint Reader, Backlit Keyboard, WiFi, HDMI, Windows 10 S, JVQ MP","15.6 inch FHD Touchscreen(1920 x 1080) with four-sided wider NanoEdge bezel display | 11th Gen Intel i3-1115G4 Processor CPU (6M Cache, up to 4.1 GHz) | RAM is upgraded to 20GB DDR4 memory for multitasking Adequate high-bandwidth RAM to smoothly run multiple applications and browser tabs all at once | Hard Drive is upgraded to 1TB SSD provides massive storage space for huge files, so that you can store important digital data and work your way through it with ease. It gives you enormous space to save all of your files. Enhance the overall performance of the laptop for business, student, daily usage | 1x HDMI, 1x USB 3.1 Gen 1, 2x USB 3.0, 1x USB-C 3.1 Gen 1, Windows 10 S mode, Fingerprint reader, Backlit Keyboard","{""Standing screen display size"": ""15.6 Inches"", ""Screen Resolution"": ""1920 x 1080 pixels"", ""Max Screen Resolution"": ""1920x1080 Lines Per Inch"", ""Processor"": ""3 GHz core_i5_1035g1"", ""RAM"": ""20 GB DDR4"", ""Memory Speed"": ""2666 MHz"", ""Hard Drive"": ""1 TB SSD"", ""Graphics Coprocessor"": ""Intel UHD Graphics"", ""Chipset Brand"": ""Intel"", ""Card Description"": ""Integrated"", ""Wireless Type"": ""802.11ac"", ""Brand"": ""ASUS"", ""Series"": ""Asus Vivobook"", ""Item model number"": ""ASUS Vivobook R565"", ""Hardware Platform"": ""PC"", ""Operating System"": ""Windows 10"", ""Item Weight"": ""3.75 pounds"", ""Product Dimensions"": ""14.1 x 9.4 x 0.8 inches"", ""Item Dimensions  LxWxH"": ""14.1 x 9.4 x 0.8 inches"", ""Color"": ""Gray"", ""Rear Webcam Resolution"": ""720 Pixels"", ""Processor Brand"": ""Intel"", ""Number of Processors"": ""2"", ""Computer Memory Type"": ""DDR4 SDRAM"", ""Hard Drive Interface"": ""Solid State"", ""Power Source"": ""AC & Battery"", ""Batteries"": ""1 Lithium Ion batteries required. (included)"", ""Best Sellers Rank"": {""Computers & Accessories"": 20316, ""Traditional Laptop Computers"": 3275}, ""Date First Available"": ""November 6, 2020"", ""Screen Size"": ""15.6 Inches"", ""Hard Disk Size"": ""1 TB"", ""CPU Model"": ""Core i5-1035G1"", ""Ram Memory Installed Size"": ""20 GB"", ""Special Feature"": ""Bezel,Fingerprint Reader""}",,20,1024,15.6,3.75,,,,
lt-038,ASUS VivoBook 15.6 Laptop,499.0,4.0,,,,,"ASUS VivoBook Laptop (2022 Newest Model), 15.6"" FHD Touch-Screen, Intel Core i3-1115G4 Processor Up to 4.1 GHz, 20GB RAM, 512GB NVMe PCIe SSD, Fingerprint Reader, Windows 10","【Upgraded】RAM is 20 GB high-bandwidth RAM to smoothly run multiple applications and browser tabs all at once; Hard Drive is 512 GB PCIe NVMe M.2 Solid State Drive to allow faster bootup and data transfer. | 【Processor】11th Gen Intel Core i3-1115G4 (up to 4.10 GHz) | 【Display】15.6"" Full HD LED touchscreen (1980 x 1080) | 【Operating System】Windows 11 Home, 64-bit, English | 【Connectivity】Wi‑Fi 5 (802.11ac), Bluetooth 4.1","{""Package Dimensions"": ""18.8 x 11.2 x 2.5 inches"", ""Item Weight"": ""3.97 pounds"", ""Manufacturer"": ""Asus"", ""Item model number"": ""VivoBook"", ""Best Sellers Rank"": {""Computers & Accessories"": 58474, ""Traditional Laptop Computers"": 11168}, ""Date First Available"": ""March 7, 2022"", ""Brand"": ""ASUS"", ""Model Name"": ""VivoBook"", ""Screen Size"": ""15.6 Inches"", ""Hard Disk Size"": ""512 GB"", ""CPU Model"": ""Core I3 1115G4"", ""Ram Memory Installed Size"": ""20 GB"", ""Operating System"": ""Windows 11"", ""Special Feature"": ""Fingerprint Reader"", ""Graphics Card Description"": ""Integrated"", ""Graphics Coprocessor"": ""Intel UHD Graphics""}",,20,512,15.6,3.97,,,,
lt-039,Microsoft Surface Laptop 3 13.5 inch,499.99,4.6,,,,,"Microsoft Surface Laptop 3 – 13.5"" Touch-Screen – Intel Core i7 - 16GB Memory - 256GB Solid State Drive – Platinum with Alcantara","Clean, elegant design — thin and light, starting at just 2.79 pounds, Surface Laptop 3 is easy to carry | Choose from rich tone-on-tone color combinations: new Sandstone, plus Matte Black, Cobalt Blue, and Platinum | Improved speed and performance to do what you want, with the latest processors – Surface Laptop 3 is up to two times faster than Surface Laptop 2 | More ways to connect, with USB-C and USB-A ports for connecting to displays, docking stations and more, as well as accessory charging | All-day power on the go, with up to 11.5 hours of battery life, Plus standby time when you’re away. Go from empty to a full battery with fast charging- up to 80% in about 1 hour | Free Upgrade to Windows 11 when available (see below).","{""Standing screen display size"": ""13.5 Inches"", ""Screen Resolution"": ""2256 x 1504 pixels"", ""Max Screen Resolution"": ""2256 x 1504"", ""Processor"": ""1.3 GHz apple_ci7"", ""RAM"": ""16 GB LPDDR4"", ""Hard Drive"": ""256 GB SSD"", ""Graphics Coprocessor"": ""Intel Iris Plus"", ""Chipset Brand"": ""Intel"", ""Card Description"": ""Integrated"", ""Number of USB 3.0 Ports"": ""2"", ""Brand"": ""Microsoft"", ""Series"": ""Surface Laptop"", ""Item model number"": ""VEF-00001"", ""Hardware Platform"": ""PC"", ""Operating System"": ""Windows 10 Home"", ""Item Weight"": ""2.8 pounds"", ""Product Dimensions"": ""15 x 4 x 21 inches"", ""Item Dimensions  LxWxH"": ""15 x 4 x 21 inches"", ""Color"": ""Platinum"", ""Processor Brand"": ""Intel"", ""Number of Processors"": ""4"", ""Computer Memory Type"": ""Unknown"", ""Flash Memory Size"": ""256"", ""Hard Drive Interface"": ""Solid State"", ""Hard Drive Rotational Speed"": ""7200"", ""Optical Drive Type"": ""No Optical Drive"", ""Power Source"": ""AC & Battery"", ""Voltage"": ""22 Volts"", ""Batteries"": ""1 Lithium Ion batteries required. (included)"", ""Best Sellers Rank"": {""Computers & Accessories"": 25167, ""Climate Pledge Friendly: Computers"": 3033, ""Traditional Laptop Computers"": 4234}, ""Date First Available"": ""October 2, 2019"", ""Screen Size"": ""13.5 Inches"", ""Hard Disk Size"": ""256 GB"", ""CPU Model"": ""Intel Core i7"", ""Ram Memory Installed Size"": ""16 GB""}",,16,256,13.5,2.8,,,,
lt-040,Dell Inspiron 15.6 HD Laptop,539.0,4.2,,,,,"2021 Newest Dell Inspiron 15.6’’ HD Laptop for Business and Student, Intel Pentium Silver N5030 Processor, 16GB RAM, 256GB PCle SSD + 1TB HDD, Webcam, USB, HDMI, Bluetooth, Windows 10 Home","【15.6"" HD Display screen】Enjoy more screen with two-sided narrow borders that enable an expansive viewing experience. Encased in stylishly slim borders, an HD, anti-glare display delivers a clear, bright image that's easy on the eyes.And the thin and light design makes it easy to take this PC anywhere,which will be more efficient for business and study. | 【Intel Pentium Silver N5030 Processor】up to 3.1 GHz, View, read, watch, stream, listen, and learn with Intel processors that support a wide range of multimedia capabilities to entertain and entice all throughout your day. | 【Memory and Storage】Upgrade to 16GB RAM and 256GB PCle SSD + 1TB HDD, you can easily multitask and switch between open applications;PCIe NVMe solid-state drives (SSD's) provide more responsive, quieter performance along with improved shock resistance when compared to traditional hard disk drives (HDD's) | 【Elevated Essentials】Ports and more: Connect to a TV or monitor with the HDMI port, download photos via the SD card slot or enjoy fast transfer speeds from all your accessories with two USB 3.2 Gen 1 ports. | 【Windows 10 Home in S mode】You may switch to regular windows 10: Press ""Start button"" bottom left of the screen; Select ""Settings"" icon above ""power"" icon;Select Update & Security and Activation, then Go to Store; Select ""Get"" option under ""Switch out of S mode""; Hit Install. (If you also see an ""Upgrade your edition of Windows"" section, be careful not to click the ""Go to the Store"" link that appears there.)","{""Standing screen display size"": ""15.6 Inches"", ""Max Screen Resolution"": ""1366 x 768 Pixels"", ""Processor"": ""3.1 GHz pentium_other"", ""RAM"": ""16 GB DDR4"", ""Memory Speed"": ""3.1 GHz"", ""Hard Drive"": ""256 GB SSD"", ""Graphics Coprocessor"": ""Intel UHD Graphics 605"", ""Chipset Brand"": ""Intel"", ""Card Description"": ""Intel UHD Graphics 605 with shared graphics memory"", ""Wireless Type"": ""Bluetooth"", ""Brand"": ""Dell"", ""Series"": ""Dell Inspiron"", ""Item model number"": ""DELL"", ""Hardware Platform"": ""PC"", ""Operating System"": ""Windows 10 S"", ""Item Weight"": ""3.96 pounds"", ""Product Dimensions"": ""14.33 x 9.8 x 0.78 inches"", ""Item Dimensions  LxWxH"": ""14.33 x 9.8 x 0.78 inches"", ""Color"": ""Black"", ""Processor Brand"": ""Intel"", ""Number of Processors"": ""4"", ""Computer Memory Type"": ""DDR4 SDRAM"", ""Flash Memory Size"": ""256 GB"", ""Hard Drive Interface"": ""Solid State"", ""Power Source"": ""AC & Battery"", ""Voltage"": ""3 Volts"", ""Best Sellers Rank"": {""Computers & Accessories"": 81166, ""Traditional Laptop Computers"": 16246}, ""Date First Available"": ""February 27, 2021"", ""Screen Size"": ""15.6 Inches"", ""Hard Disk Size"": ""256 GB"", ""CPU Model"": ""Pentium Other"", ""Ram Memory Installed Size"": ""16 GB"", ""Special Feature"": ""Anti-glare""}",,16,1280,15.6,3.96,,,,
lt-042,Toshiba Satellite S55t-C5165,599.99,3.7,,,,,"Toshiba Satellite S55t-C5165 S55t-C/5165 15.6"" Laptop (Brushed Metal)","Intel Core i7-6700HQ 2.6 GHz | 12 GB | 1000 GB 5400 rpm Hard Drive, 128 GB Solid-State Drive | 15.6-Inch Screen, NVIDIA GeForce GTX 950M","{""Standing screen display size"": ""15.6 Inches"", ""Max Screen Resolution"": ""1920X1080 Pixels"", ""Processor"": ""2.6 GHz core_i7"", ""RAM"": ""12 GB DDR4"", ""Memory Speed"": ""2.6 GHz"", ""Hard Drive"": ""128 GB SATA"", ""Graphics Coprocessor"": ""NVIDIA GeForce GTX 950M"", ""Chipset Brand"": ""NVIDIA"", ""Card Description"": ""Dedicated"", ""Graphics Card Ram Size"": ""4000 MB"", ""Wireless Type"": ""802.11ac"", ""Number of USB 3.0 Ports"": ""3"", ""Brand"": ""Toshiba"", ""Series"": ""Toshiba Satellite S55t-C5165"", ""Item model number"": ""S55t-C/5165"", ""Operating System"": ""Windows 10"", ""Item Weight"": ""5.2 pounds"", ""Product Dimensions"": ""10.2 x 14.96 x 0.92 inches"", ""Item Dimensions  LxWxH"": ""10.2 x 14.96 x 0.92 inches"", ""Color"": ""Brushed Metal"", ""Processor Brand"": ""Intel"", ""Number of Processors"": ""4"", ""Flash Memory Size"": ""128"", ""Hard Drive Rotational Speed"": ""5400 RPM"", ""Batteries"": ""1 Lithium Ion batteries required. (included)"", ""Date First Available"": ""January 1, 2016"", ""Model Name"": ""Toshiba Satellite S55t-C5165"", ""Screen Size"": ""15.6 Inches"", ""Hard Disk Size"": ""128 GB"", ""CPU Model"": ""Core i7"", ""Ram Memory Installed Size"": ""12 GB"", ""Graphics Card Description"": ""Dedicated""}",,12,1128,15.6,5.2,,,,
lt-043,Asus Zenbook 14 Ryzen 5,616.0,4.0,,,,,"Asus Zenbook 14 inch FHD Laptop, AMD Ryzen 5 5500U, 6-Cores, up to 4 GHz, 8GB DDR4 RAM, 256GB PCle SSD, NVIDIA GeForce MX450 Graphics, Webcam, WiFi, Bluetooth, HDMI, Media Card Reader","【Display】14 inch Full HD display, The 1920 x 1080 resolution boasts impressive color and clarity. Energy-efficient LED backlight | 【CPU】Ryzen 5 5500U. Enjoy high application performance and smoother gaming experiences with AMD Ryzen5 processors, with machine intelligence, multitasking capabilities and efficient architecture with up to 4 GHz | 【GPU】NVIDIA GeForce MX450 graphics Provides solid image quality for Internet use, movies, basic photo editing and casual gaming | 【RAM】Substantial high-bandwidth RAM to smoothly run your games and photo- and video-editing applications, as well as multiple programs and browser tabs all at once | 【ROM】Save files fast and store more data. With massive amounts of storage and advanced communication power, PCI-e SSDs are great for major gaming applications, multiple servers, daily backups, and more","{""Standing screen display size"": ""14 Inches"", ""Screen Resolution"": ""1920 x 1080 pixels"", ""Max Screen Resolution"": ""1920 x 1080 Pixels"", ""Processor"": ""2.1 GHz ryzen_5"", ""RAM"": ""8 GB LPDDR4"", ""Memory Speed"": ""2400 MHz"", ""Hard Drive"": ""256 GB SSD"", ""Graphics Coprocessor"": ""NVIDIA GeForce MX450"", ""Chipset Brand"": ""NVIDIA"", ""Card Description"": ""Dedicated"", ""Wireless Type"": ""802.11ax"", ""Number of USB 2.0 Ports"": ""1"", ""Number of USB 3.0 Ports"": ""2"", ""Brand"": ""Asus Laptops"", ""Series"": ""Zenbook 14"", ""Item model number"": ""Q408UG-211.BL"", ""Hardware Platform"": ""PC"", ""Operating System"": ""Windows 10"", ""Item Weight"": ""4.84 pounds"", ""Product Dimensions"": ""29 x 29 x 29 inches"", ""Item Dimensions  LxWxH"": ""29 x 29 x 29 inches"", ""Color"": ""Gray"", ""Processor Brand"": ""AMD"", ""Number of Processors"": ""6"", ""Computer Memory Type"": ""DDR4 SDRAM"", ""Flash Memory Size"": ""256 GB"", ""Hard Drive Interface"": ""Solid State"", ""Voltage"": ""120 Volts"", ""Batteries"": ""1 Lithium Ion batteries required. (included)"", ""Best Sellers Rank"": {""Computers & Accessories"": 15480, ""Traditional Laptop Computers"": 2332}, ""Date First Available"": ""June 1, 2021"", ""Model Name"": ""Zenbook 14"", ""Screen Size"": ""14 Inches"", ""Hard Disk Size"": ""256 GB"", ""CPU Model"": ""Ryzen 5"", ""Ram Memory Installed Size"": ""8 GB"", ""Graphics Card Description"": ""Dedicated""}",,8,256,14.0,4.84,,,,
lt-044,Google Pixelbook,618.61,4.0,,,,,"Google Pixelbook (i7, 16 GB RAM, 512 GB)","Meet google pixelbook, the high performance chromebook. It’s the first laptop with the google assistant built inches press the google assistant key on your keyboard or say ""Ok google"" to get started. The google assistant is always ready to help | Features 7th gen intel core i7 processor, 16gb ram and 512gb for storage. The long lasting battery delivers up to 10 hours of use and it’s fast charging so you can get 2 hours of use in 15 minutes | 4 in 1 design adapts to whatever you’re doing with laptop, tablet, tent and entertainment modes. Access to favorite apps including google drive, g mail, YouTube, ever note, slack, infinite painter, light room, rob lox and many more | Pixelbook's super thin and lightweight design measures 10.3 millimetre and weighs 2.45 pounds. Features a 12.3 inch 360 degree touchscreen display, a sleek aluminum body, corning gorilla glass and a backlit keyboard | Powered by chrome OS with automatic software updates so you’ll always have the latest virus protection. It starts up in less than 10 secs, stays fast throughout the day, and won’t slow down over time","{""Standing screen display size"": ""12.3 Inches"", ""Max Screen Resolution"": ""2400 x 1600"", ""Processor"": ""1.3 GHz core_i7"", ""RAM"": ""16 GB SDRAM"", ""Memory Speed"": ""1600 MHz"", ""Hard Drive"": ""512 GB SSD"", ""Graphics Coprocessor"": ""HD615"", ""Chipset Brand"": ""Intel"", ""Card Description"": ""Integrated"", ""Graphics Card Ram Size"": ""1"", ""Wireless Type"": ""802.11ac"", ""Number of USB 3.0 Ports"": ""2"", ""Average Battery Life (in hours)"": ""1 Hours"", ""Brand"": ""Google"", ""Series"": ""Google Pixelbook"", ""Item model number"": ""GA00124-US"", ""Hardware Platform"": ""Chrome"", ""Operating System"": ""Chrome OS"", ""Item Weight"": ""2.45 pounds"", ""Product Dimensions"": ""11.43 x 8.69 x 0.44 inches"", ""Item Dimensions  LxWxH"": ""11.43 x 8.69 x 0.44 inches"", ""Color"": ""Black,silver"", ""Rear Webcam Resolution"": ""5 MP"", ""Processor Brand"": ""Intel"", ""Number of Processors"": ""2"", ""Computer Memory Type"": ""DDR SDRAM"", ""Flash Memory Size"": ""512"", ""Hard Drive Interface"": ""Unknown"", ""Hard Drive Rotational Speed"": ""1 RPM"", ""Power Source"": ""Battery Powered"", ""Voltage"": ""3.7 Volts"", ""Batteries"": ""1 Lithium Polymer batteries required. (included)"", ""Best Sellers Rank"": {""Computers & Accessories"": 49497, ""2"": 686}, ""Date First Available"": ""January 15, 2017"", ""Screen Size"": ""12.3 Inches"", ""Hard Disk Size"": ""512 GB"", ""CPU Model"": ""Core i7"", ""Ram Memory Installed Size"": ""16 GB""}",,16,512,12.3,2.45,,,,
lt-046,Dell Inspiron 14 7000 2-in-1 Touchscreen,739.99,3.9,,,,,"2021 Newest Dell Inspiron 14 7000 2-in-1 Touchscreen Business Laptop 14"" FHD, AMD Ryzen 5 4500U, 16G RAM 1TB SSD, Backlit Keyboard, Fingerprint Reader, WiFi 6, Window 10","[Display] 14 inch Full HD (1920 x 1080) LED Touch Display boasts impressive color and clarity that’s easy on your eye. Natural finger-touch navigation makes the most of Windows 10. The 1920 x 1080 resolution boasts impressive color and clarity with wide viewing angles display. Energy-efficient LED backlight | [Processor] 4th Generation AMD Ryzen 5 4500U Hexa-Core Processor (6 Cores, 6 Threads, Base Frequency at 2.30 GHz, up to 4.00 GHz at Max Boost Clock) | [Upgrade Memory and Hard Drive]16GB DDR4 Memory for full-power multitasking; 1TB SSD flash memory: This ultracompact memory system is ideal for mobile devices and applications, providing enhanced storage capabilities, streamlined data management, quick boot-up times and support for high-definition video playback | [Ports] 1 x SD Card Reader, 2 x USB 3.2 Gen 1, 1 x Headphone/Microphone Combo, 1 x Power jack, 1 x HDMI 1.4b, 1 x Thunderbolt 4 with Power Delivery & DisplayPort.Fingerprint reader on the power button for easy, fast and safe sign-on.Powerful dual-band Wi-Fi 6 (3x faster than Wi-Fi 5). Comes with 32GB ES usb card for data transfer. | [Premium Design]Thin and lightweight. Every detail is crafted for comfort and style, with all the power you need to get things done. Windows 10 Home 64-bit is ideal for Business and Education. 720p HD Webcam and Stereo speakers system ready for remote work, virtual meeting, and online class.","{""Standing screen display size"": ""14 Inches"", ""Screen Resolution"": ""1920 x 1080 pixels"", ""Max Screen Resolution"": ""1920 x 1080 Pixels"", ""Processor"": ""2.3 GHz ryzen_5_4500u"", ""RAM"": ""16 GB DDR4"", ""Memory Speed"": ""2.6 GHz"", ""Hard Drive"": ""1 TB SSD"", ""Graphics Coprocessor"": ""AMD"", ""Chipset Brand"": ""AMD"", ""Card Description"": ""Integrated"", ""Wireless Type"": ""Bluetooth"", ""Brand"": ""Dell"", ""Series"": ""Dell Inspiron"", ""Item model number"": ""Dell"", ""Hardware Platform"": ""PC"", ""Operating System"": ""Windows 10"", ""Item Weight"": ""5.35 pounds"", ""Package Dimensions"": ""15.4 x 14 x 3 inches"", ""Color"": ""Golden"", ""Processor Brand"": ""AMD"", ""Number of Processors"": ""4"", ""Computer Memory Type"": ""DDR4 SDRAM"", ""Flash Memory Size"": ""1 TB"", ""Hard Drive Interface"": ""Solid State"", ""Power Source"": ""Battery Powered"", ""Voltage"": ""5 Volts"", ""Best Sellers Rank"": {""Computers & Accessories"": 61539, ""Traditional Laptop Computers"": 11795}, ""Date First Available"": ""December 7, 2020"", ""Model Name"": ""Dell Inspiron"", ""Screen Size"": ""14 Inches"", ""Hard Disk Size"": ""1 TB"", ""CPU Model"": ""Ryzen 5 4500U"", ""Ram Memory Installed Size"": ""16 GB"", ""Special Feature"": ""Backlit Keyboard,Fingerprint Reader"", ""Graphics Card Description"": ""Integrated""}",,16,1024,14.0,5.35,,,,
lt-047,MSI GF63 Premium Gaming Laptop,784.14,4.4,,,,,"Newest MSI GF63 Premium Gaming Laptop, 15.6"" FHD Thin-Bezel Display,10th Gen Intel Quad-Core i5-10300H, 16GB RAM, 1TB SSD, GeForce GTX 1650 4GB, Backlit Keyboard, Windows 10","【Processor】 Intel Core i5-10300H 10th Gen, 2.50 GHz base frequency, up to 4.50 GHz with Intel Turbo Boost Technology | NVIDIA GeForce GTX 1650 Max-Q 4GB GDDR6 | 【Display】15.6"" FHD (1920*1080), IPS-Level 60Hz 45%NTSC Thin Bezel, Non-Touch Screen, enjoy your photos, movies, and games with the crisp quality. | 【RAM and Storage】RAM is upgraded to 16GB high-bandwidth RAM to smoothly run multiple applications and browser tabs all at once; Hard Drive is upgraded to 1TB Solid State Drive allows to fast bootup and data transfer and game storage. | 【Operating System】Windows 10 Home, 64-bit, English | 1 USB 3.1 Gen 1 Type-C, 3 USB 3.2 Gen 1 Type-A, 1 HDMI, 1 RTL8111HS-CG, 1 Audio Input, 1 Audio Output, | Single backlight with Anti-Ghost key+ silver lining | 【Included in the package】Bundled with Microfiber Cloth","{""Standing screen display size"": ""15.6 Inches"", ""Max Screen Resolution"": ""1920 x 1080 Pixels"", ""Processor"": ""2.5 GHz corei5_10300h"", ""RAM"": ""16 GB DDR4"", ""Memory Speed"": ""4.5 GHz"", ""Hard Drive"": ""1 TB SSD"", ""Graphics Coprocessor"": ""NVIDIA GeForce GTX 1650"", ""Chipset Brand"": ""NVIDIA"", ""Card Description"": ""Dedicated"", ""Brand"": ""MSI"", ""Series"": ""GF"", ""Item model number"": ""GF"", ""Hardware Platform"": ""PC"", ""Operating System"": ""Windows 10"", ""Item Weight"": ""4.1 pounds"", ""Product Dimensions"": ""14.13 x 9.99 x 0.85 inches"", ""Item Dimensions  LxWxH"": ""14.13 x 9.99 x 0.85 inches"", ""Color"": ""Black"", ""Processor Brand"": ""Intel"", ""Number of Processors"": ""4"", ""Computer Memory Type"": ""DDR4 SDRAM"", ""Flash Memory Size"": ""1 TB"", ""Hard Drive Interface"": ""Solid State"", ""Power Source"": ""Battery Powered"", ""Batteries"": ""1 Lithium Ion batteries required. (included)"", ""Best Sellers Rank"": {""Computers & Accessories"": 5524, ""Traditional Laptop Computers"": 655}, ""Date First Available"": ""July 13, 2021"", ""Model Name"": ""GF"", ""Screen Size"": ""15.6 Inches"", ""Hard Disk Size"": ""1 TB"", ""CPU Model"": ""Corei5-10300H"", ""Ram Memory Installed Size"": ""16 GB"", ""Special Feature"": ""Backlit Keyboard,Thin Bezel"", ""Graphics Card Description"": ""Dedicated""}",,16,1024,15.6,4.1,,,,
lt-050,LG Gram 15 Laptop,889.99,4.5,,,,,"LG Gram 15Z995-Laptop 15.6"" IPS Ultra-Lightweight, (1920 x 1080), 10th Gen Intel Core i5 , 8GB-RAM, 512GB SSD, Windows 10 Home, 17 Hour-Battery, USB-C, HDMI, -Headphone Input - Silver",15.6” Full HD (1920 x 1080) IPS LCD Screen | Windows 10 Home( 64bit) | Intel 10th Generation i5-10210U CPU with Intel UHD grapics | 8GB DDR4 RAM and 512G M.2 NVMe SSD | Up to 21 Hour Battery Life (72Wh Lithium Battery),"{""Standing screen display size"": ""15.6 Inches"", ""Max Screen Resolution"": ""1920 x 1080 Pixels"", ""Processor"": ""1.6 GHz Core_i5_2.3_GHz"", ""RAM"": ""8 GB DDR4"", ""Memory Speed"": ""2666 MHz"", ""Hard Drive"": ""512 GB SSD"", ""Chipset Brand"": ""Intel"", ""Card Description"": ""Integrated"", ""Number of USB 3.0 Ports"": ""3"", ""Brand"": ""LG"", ""Series"": ""LG gram"", ""Item model number"": ""15Z995-U.ARS6U1"", ""Hardware Platform"": ""PC"", ""Operating System"": ""Windows 10 Home"", ""Item Weight"": ""2.4 pounds"", ""Product Dimensions"": ""14.1 x 9 x 0.7 inches"", ""Item Dimensions  LxWxH"": ""14.1 x 9 x 0.7 inches"", ""Color"": ""Silver"", ""Processor Brand"": ""Intel"", ""Number of Processors"": ""4"", ""Computer Memory Type"": ""DDR4 SDRAM"", ""Flash Memory Size"": ""8"", ""Optical Drive Type"": ""No Optical Drive"", ""Power Source"": ""Battery Powered"", ""Voltage"": ""3.7 Volts"", ""Batteries"": ""2 Lithium Ion batteries required. (included)"", ""Best Sellers Rank"": {""Computers & Accessories"": 47660, ""Traditional Laptop Computers"": 8581}, ""Date First Available"": ""April 1, 2020"", ""Model Name"": ""LG gram"", ""Screen Size"": ""15.6 Inches"", ""Hard Disk Size"": ""512 GB"", ""CPU Model"": ""Core i5 2.3 GHz"", ""Ram Memory Installed Size"": ""8 GB"", ""Graphics Card Description"": ""Integrated"", ""CPU Speed"": ""1.6 GHz""}",,8,512,15.6,2.4,,,,
lt-052,MSI GF65 Thin 9SD Gaming Laptop,899.0,4.5,,,,,MSI GF65 Thin 9SD-837 i7-9750H/GTX1660Ti/8GB/512G/Win10 Gaming Laptop,"15.6"" FHD (1920*1080), IPS-Level 144Hz 45%NTSC Thin Bezel | NVIDIA GeForce GTX1660Ti 6G GDDR6 | VR Ready | Intel Core i7-9750H | Intel 9560 Jefferson Peak (2x2 802.11 ac) | 8GB (8G*1) DDR4 2666MHz, 2 Sockets; Max Memory 64GB | 512GB M.2 SATA SSD | QCA8171 | Speakers 2W*2 | 720p HD Webcam | Single backlight with Anti-Ghost key+ silver lining","{""Standing screen display size"": ""15.6 Inches"", ""Screen Resolution"": ""1922 x 1080 pixels"", ""Max Screen Resolution"": ""1920 x 1080 Pixels"", ""Processor"": ""2.6 GHz core_i7_family"", ""RAM"": ""8 GB DDR4"", ""Memory Speed"": ""2666 MHz"", ""Hard Drive"": ""SSD"", ""Graphics Coprocessor"": ""NVIDIA GeForce GTX 1660Ti"", ""Chipset Brand"": ""NVIDIA"", ""Card Description"": ""GTX 1660 Ti"", ""Graphics Card Ram Size"": ""6 GB"", ""Wireless Type"": ""802.11ac"", ""Number of USB 3.0 Ports"": ""2"", ""National Stock Number"": ""GF65837"", ""Brand"": ""MSI"", ""Series"": ""GF65 Thin 9SD-837"", ""Item model number"": ""GF65837"", ""Hardware Platform"": ""PC"", ""Operating System"": ""Windows 10"", ""Item Weight"": ""4.1 pounds"", ""Product Dimensions"": ""0.85 x 14.13 x 9.99 inches"", ""Item Dimensions  LxWxH"": ""0.85 x 14.13 x 9.99 inches"", ""Color"": ""Greyblack"", ""Processor Brand"": ""Intel"", ""Number of Processors"": ""6"", ""Computer Memory Type"": ""DDR4 SDRAM"", ""Flash Memory Size"": ""8 GB"", ""Optical Drive Type"": ""No Optical Drive"", ""Voltage"": ""230 Volts"", ""Batteries"": ""1 Lithium Ion batteries required. (included)"", ""Best Sellers Rank"": {""Computers & Accessories"": 86302, ""Traditional Laptop Computers"": 17523}, ""Date First Available"": ""June 29, 2020"", ""Model Name"": ""GF65 Thin 9SD-837"", ""Screen Size"": ""15.6 Inches"", ""CPU Model"": ""Core i7 Family"", ""Ram Memory Installed Size"": ""8 GB"", ""Special Feature"": ""Thin Bezel"", ""Graphics Card Description"": ""GTX 1660 Ti""}",,8,512,15.6,4.1,,,,
lt-056,Microsoft Surface Laptop 5,964.99,4.4,,,,,"Microsoft Surface Laptop 5 (2022), 13.5"" Touch Screen, Thin & Lightweight, Long Battery Life, Fast Intel i5 Processor for Multi-Tasking, 256GB Storage with Windows 11, Platinum","Sleek and super-lightweight with an exceptionally comfortable keyboard..Voltage:240.0 volts | 13.5” PixelSense touchscreen for ultra-portable productivity.[2] | 12th Gen Intel Core with Thunderbolt 4 connectivity and all-day battery.[3] | Warm, sophisticated Alcantara or edgy, cool metal, and bold colors.[2] | Studio Mics and enhanced camera experiences, powered by Windows 11. | Cinematic entertainment with Dolby Vision[4]and Dolby Atmos.[5] | Windows Hello, built-in Windows 11 security, and secured OneDrive cloud storage with Microsoft 365.[1] | Play hundreds of high-quality games including day one releases with Xbox Game Pass Ultimate.[6]","{""Standing screen display size"": ""13.5 Inches"", ""Screen Resolution"": ""2256 x 1504 pixels"", ""Max Screen Resolution"": ""2256x1504 Pixels"", ""Processor"": ""4.4 GHz apple_ci5"", ""Hard Drive"": ""256 GB SSD"", ""Chipset Brand"": ""Intel"", ""Card Description"": ""Integrated"", ""Wireless Type"": ""802.11ax"", ""Brand"": ""Microsoft"", ""Series"": ""Surface Laptop"", ""Item model number"": ""QZI-00001"", ""Operating System"": ""Windows 11 Home"", ""Item Weight"": ""2.69 pounds"", ""Product Dimensions"": ""12.1 x 8.8 x 0.57 inches"", ""Item Dimensions  LxWxH"": ""12.1 x 8.8 x 0.57 inches"", ""Color"": ""Platinum"", ""Processor Brand"": ""Intel"", ""Number of Processors"": ""10"", ""Computer Memory Type"": ""DDR5 RAM"", ""Flash Memory Size"": ""256 GB"", ""Voltage"": ""240 Volts"", ""Batteries"": ""1 Lithium Ion batteries required. (included)"", ""Best Sellers Rank"": {""Computers & Accessories"": 2246, ""Traditional Laptop Computers"": 251}, ""Date First Available"": ""October 12, 2022"", ""Screen Size"": ""13.5 Inches"", ""Hard Disk Size"": ""256 GB"", ""CPU Model"": ""Intel Core i5"", ""Ram Memory Installed Size"": ""8 GB"", ""Special Feature"": ""Backlit Keyboard, Support Stylus""}",,8,256,13.5,2.69,,,,
lt-057,Samsung Galaxy Book2 Pro 13.3,1005.0,4.3,,,,,"SAMSUNG 13.3” Galaxy Book2 Pro Laptop Computer, i7 / 8GB / 512GB, 12th Gen Intel Core Processor, Evo Certified, Lightweight, 2022 Model, Graphite","Aspect Ratio:16:9.Voltage:7.6 volts | POWERFUL, FAST, AMAZING: Our new laptop is packed with the premium performance you’ve come to expect from Samsung — plus some; It’s powered by the latest 12th Gen Evo-certified Intel processor, our most powerful available CPU yet | THIN, LIGHT, POWERFUL: With a PC this powerful, you’ll want to take it with you wherever you go; And you can! At less than 2 pounds, Galaxy Book2 Pro is our thinnest and lightest laptop yet | BRILLIANT, BRIGHT, BEAUTIFUL: Whether you're scrolling through your social feed or video chatting with your bestie, everything looks amazing on a stunning AMOLED screen that’s up to 33% brighter;* Available in two sizes (13.3"" and 15.6"") | VIDEO CHAT IN HIGH DEFINITION: Galaxy Book2 Pro features an upgraded full HD camera with a 1080p wide-angle view that’s 2x clearer* than before; You’ll sound amazing too with upgraded Dolby Atmos sound and intelligent noise canceling | LONG LASTING CHARGE, POWERS UP FAST: Galaxy Book2 Pro features our longest-lasting battery to keep you going for hours and hours on a single charge; When you finally do need a jolt of power, get energized faster with a universal fast charger that gets you 40% of battery power back in just 30 minutes | INNOVATION THAT MOVES YOU FORWARD: Get the combined capabilities of a laptop and a tablet with a versatile 2 in 1 design that features a 360° hinge; Bring ideas to life on the screen with an included S Pen that feels like a real pen | UNITE YOUR GALAXY, MULTIPLY THE POSSIBILITIES: All of your Galaxy devices sync to help you do more; Pair them up and take control of an interconnected network of seemingly unlimited possibilities; Access a file, photo or text on any device","{""Standing screen display size"": ""13.3 Inches"", ""Max Screen Resolution"": ""1920 x 1080 Pixels"", ""Processor"": ""core_i7"", ""RAM"": ""8 GB Lpddr 5"", ""Hard Drive"": ""512 GB SSD"", ""Chipset Brand"": ""Intel"", ""Card Description"": ""Integrated"", ""Wireless Type"": ""Bluetooth"", ""Brand"": ""SAMSUNG"", ""Series"": ""Galaxy Book2 Pro"", ""Item model number"": ""NP930XED-KA1US"", ""Hardware Platform"": ""PC"", ""Operating System"": ""Windows 11 Home"", ""Item Weight"": ""1.92 pounds"", ""Product Dimensions"": ""11.98 x 7.87 x 0.44 inches"", ""Item Dimensions  LxWxH"": ""11.98 x 7.87 x 0.44 inches"", ""Color"": ""Graphite"", ""Processor Brand"": ""Intel"", ""Number of Processors"": ""1"", ""Flash Memory Size"": ""512 GB"", ""Power Source"": ""Battery Powered"", ""Voltage"": ""7.6 Volts"", ""Batteries"": ""1 Lithium Ion batteries required. (included)"", ""Best Sellers Rank"": {""Computers & Accessories"": 4311, ""Traditional Laptop Computers"": 529, ""Climate Pledge Friendly: Computers"": 1000}, ""Date First Available"": ""April 1, 2022"", ""Screen Size"": ""13.3 Inches"", ""Hard Disk Size"": ""512 GB"", ""CPU Model"": ""Core i7"", ""Ram Memory Installed Size"": ""8 GB"", ""Special Feature"": ""Anti Glare Coating""}",,8,512,13.3,1.92,,,,
lt-059,ASUS ZenBook Flip 13 Convertible Laptop,1054.36,4.3,,,,,"ASUS ZenBook Flip 13 Ultra Slim Convertible Laptop, 13.3” OLED FHD Touch Display, Intel Core i5-1135G7 Processor, Intel Iris Xe Graphics, 8GB RAM, 512GB SSD, Windows 10 Home, Pine Grey, UX363EA-DH51T","13.3 inch OLED Full HD 4-way NanoEdge bezel display with Windows 10 Professional | Latest 11th generation Intel Core i7-1165G7 Quad Core Processor (12M Cache, up to 4.70 GHz, with IPU) | Fast storage and memory featuring 512GB PCIe NVMe M.2 SSD and 16GB LPDDR4X RAM | Extensive connectivity with HDMI, Thunderbolt 4 via USB Type C, USB Type A, Wi-Fi 6, and Bluetooth 5.0 | Sleek and lightweight aluminum body at only 2.87lbs and 0.55 inches thick, for comfortable portability","{""Standing screen display size"": ""13.3 Inches"", ""Screen Resolution"": ""1920 x 1080 pixels"", ""Max Screen Resolution"": ""1920 x 1080 Pixels"", ""Processor"": ""4.2 GHz apple_ci5"", ""RAM"": ""8 GB LPDDR4X"", ""Memory Speed"": ""4266 MHz"", ""Hard Drive"": ""512 GB SSD"", ""Graphics Coprocessor"": ""Intel Iris Xe Graphics"", ""Chipset Brand"": ""Intel"", ""Card Description"": ""Integrated"", ""Graphics Card Ram Size"": ""8 GB"", ""Wireless Type"": ""Bluetooth, 802.11ax"", ""Number of USB 3.0 Ports"": ""3"", ""National Stock Number"": ""UX363EA-DH51T"", ""Brand"": ""ASUS"", ""Series"": ""UX363EA-DH51T"", ""Item model number"": ""UX363EA-DH51T"", ""Hardware Platform"": ""PC"", ""Operating System"": ""Windows 10 Home"", ""Item Weight"": ""2.8 pounds"", ""Product Dimensions"": ""11.9 x 7.4 x 0.7 inches"", ""Item Dimensions  LxWxH"": ""11.9 x 7.4 x 0.7 inches"", ""Color"": ""Pine Grey"", ""Processor Brand"": ""Intel"", ""Number of Processors"": ""4"", ""Computer Memory Type"": ""DDR4 SDRAM"", ""Flash Memory Size"": ""512 GB"", ""Hard Drive Interface"": ""USB"", ""Optical Drive Type"": ""No Optical Drive"", ""Voltage"": ""19 Volts"", ""Batteries"": ""1 Lithium Ion batteries required. (included)"", ""Best Sellers Rank"": {""Computers & Accessories"": 52546, ""Traditional Laptop Computers"": 9869}, ""Date First Available"": ""September 22, 2020"", ""Model Name"": ""UX363EA-DH51T"", ""Screen Size"": ""13.3 Inches"", ""Hard Disk Size"": ""512 GB"", ""CPU Model"": ""Intel Core i5"", ""Ram Memory Installed Size"": ""8 GB"", ""Special Feature"": ""Trusted Platform Module (TPM)US MIL-STD 810G military-grade standard"", ""Graphics Card Description"": ""Integrated""}",,8,512,13.3,2.8,,,,
lt-063,Alienware m15 R3 15.6inch FHD Gaming Laptop,1296.19,4.4,,,,,"Alienware m15 R3 15.6inch FHD Gaming Laptop (Lunar Light) Intel Core i7-10750H 10th Gen, 16GB DDR4 RAM, 512GB SSD, Nvidia GeForce RTX 2060 6GB GDDR6, Windows 10 Home (AWm15-7272WHT-PUS)","High-end materials like magnesium alloy, copper and steel provide a premium, lightweight and performance-driven gaming experience with iconic AlienFX lighting | 144Hz 300nits 7ms Full HD for smooth, high-speed motion graphics | Alienware Cryo-Tech optimizes component cooling, which maximizes overall performance and keeps your laptop cool to the touch | FHD display with 7ms response time, 800:1 contrast ratio, 144Hz refresh rate and 300-nit brightness for pulse-racing gameplay | At just 4.65lb and under 20.5mm, the new Alienware m15 is the thinnest laptop in Alienware history—even lighter and leaner than our previous m15","{""Standing screen display size"": ""15 Inches"", ""Max Screen Resolution"": ""1920 x 1080 Pixels"", ""Processor"": ""5.1 GHz corei7_10750h"", ""RAM"": ""16 GB DDR4"", ""Hard Drive"": ""512 GB SSD"", ""Graphics Coprocessor"": ""NVIDIA GeForce RTX 2060"", ""Chipset Brand"": ""NVIDIA"", ""Card Description"": ""NVIDIA RTX 2060"", ""Graphics Card Ram Size"": ""6 GB"", ""Wireless Type"": ""802.11ac"", ""Number of USB 3.0 Ports"": ""3"", ""Brand"": ""Alienware"", ""Series"": ""AWm15-7272WHT-PUS"", ""Item model number"": ""AWm15-7272WHT-PUS"", ""Operating System"": ""Windows 10 Home"", ""Item Weight"": ""4.65 pounds"", ""Product Dimensions"": ""18.3 x 16.8 x 4.8 inches"", ""Item Dimensions  LxWxH"": ""18.3 x 16.8 x 4.8 inches"", ""Color"": ""Lunar Light"", ""Processor Brand"": ""Intel"", ""Number of Processors"": ""6"", ""Computer Memory Type"": ""DDR4 SDRAM"", ""Flash Memory Size"": ""512"", ""Optical Drive Type"": ""No Optical Drive"", ""Voltage"": ""240 Volts"", ""Batteries"": ""1 Lithium Ion batteries required. (included)"", ""Best Sellers Rank"": {""Computers & Accessories"": 43510, ""Traditional Laptop Computers"": 8035}, ""Date First Available"": ""June 1, 2020"", ""Screen Size"": ""15 Inches"", ""Hard Disk Size"": ""512 GB"", ""CPU Model"": ""Corei7-10750H"", ""Ram Memory Installed Size"": ""16 GB""}",,16,512,15.6,4.65,,,,
lt-065,XPG Xenia 15 KC Gaming Notebook,1349.99,4.0,,,,,"XPG Xenia 15 KC Gaming Notebook Intel i7 11800H CPU with GeForce RTX 3070 1TB PCIe Gen4x4 SSD 32GB DDR4 3200MHz 15.6"" QHD 165Hz IPS Display Mechanical RGB Keyboard (XENIA15I7G11H3070LX-BKCUS)","XPG & Intel Collaboration, new 2021 edition of XPG XENIA 15 brings you even better gaming experience with the top-tier performance | 11th Gen Intel TGL-H Core i7-11800H mobile processor and powerful GeForce RTX 3070. XPG XENIA 15 uses liquid metal thermal interface material paired with an outstanding thermal design | XPG's award-winning XPG GAMMIX S70 1TB PCIe Gen4 M.2 2280 SSD. Read/Write speeds of up to 7000/6000MB/s and 32GB (2x16GB) DDR4 3200MHz SODIMM memory | Optical mechanic keyboard with ultra low latency 0.2ms, per-key RGB lighting, and 100% Anti-Ghosting | OS: Windows 10 Home. (Free upgrade to Windows 11, upgrade will be delivered to qualifying devices late 2021 into 2022. Timing will vary by device. Certain features require specific hardware) | Magnesium alloy chassis with ultra light weight of 1.94KG (4.2lb) and 20.5mm thickness.","{""Standing screen display size"": ""15.6 Inches"", ""Max Screen Resolution"": ""2560 x 1440 Pixels"", ""Processor"": ""4.6 GHz core_i7"", ""RAM"": ""32 GB DDR4"", ""Memory Speed"": ""3200 MHz"", ""Hard Drive"": ""1 TB SSD"", ""Graphics Coprocessor"": ""NVIDIA"", ""Chipset Brand"": ""NVIDIA"", ""Card Description"": ""GeForce RTX 3070"", ""Graphics Card Ram Size"": ""8 GB"", ""Wireless Type"": ""5.8 GHz Radio Frequency, 802.11ax, 2.4 GHz Radio Frequency"", ""Number of USB 3.0 Ports"": ""3"", ""Brand"": ""XPG"", ""Series"": ""XENIA 15 KC"", ""Item model number"": ""XENIA15I7G11H3070LX-BKCUS"", ""Hardware Platform"": ""PC"", ""Operating System"": ""Windows 10 Home"", ""Item Weight"": ""4 pounds"", ""Product Dimensions"": ""14 x 9.2 x 0.81 inches"", ""Item Dimensions  LxWxH"": ""14 x 9.2 x 0.81 inches"", ""Color"": ""Black"", ""Processor Brand"": ""Intel"", ""Number of Processors"": ""8"", ""Computer Memory Type"": ""SODIMM"", ""Flash Memory Size"": ""1 TB"", ""Hard Drive Interface"": ""Solid State"", ""Optical Drive Type"": ""No Optical Drive"", ""Power Source"": ""Battery Powered"", ""Voltage"": ""36 Volts"", ""Batteries"": ""1 Lithium Polymer batteries required. (included)"", ""Best Sellers Rank"": {""Computers & Accessories"": 52376, ""Traditional Laptop Computers"": 9870}, ""Date First Available"": ""September 17, 2021"", ""Model Name"": ""XENIA 15 KC"", ""Screen Size"": ""15.6 Inches"", ""Hard Disk Size"": ""1 TB"", ""CPU Model"": ""Core i7"", ""Ram Memory Installed Size"": ""32 GB"", ""Graphics Card Description"": ""GeForce RTX 3070""}",,32,1024,15.6,4.2,,,,
lt-066,Apple MacBook Air M2,1399.95,4.9,,,,,"Apple 2022 MacBook Air M2, 16GB RAM, 256GB Storage - Midnight (Z160000AU)",16GB Memory | 256GB Storage | 8 core CPU | 8 core GPU | 18 hours of battery life,"{""Standing screen display size"": ""13.6 Inches"", ""Processor"": ""3.4 GHz apple_m1"", ""RAM"": ""SO-DIMM"", ""Hard Drive"": ""256 GB SSD"", ""Chipset Brand"": ""Apple"", ""Card Description"": ""Integrated"", ""Brand"": ""Apple"", ""Series"": ""2022 Apple MacBook Air M2, 16GB RAM, 256GB Storage - Midnight (Z160000AU)"", ""Item model number"": ""Z160000AU"", ""Operating System"": ""macOS 12 Monterey"", ""Item Weight"": ""5.1 pounds"", ""Package Dimensions"": ""14.76 x 11.22 x 2.72 inches"", ""Processor Brand"": ""Apple"", ""Number of Processors"": ""8"", ""Flash Memory Size"": ""256 GB"", ""Hard Drive Rotational Speed"": ""7200 RPM"", ""Batteries"": ""1 Lithium Ion batteries required. (included)"", ""Best Sellers Rank"": {""Computers & Accessories"": 1297, ""Traditional Laptop Computers"": 139}, ""Date First Available"": ""August 19, 2022"", ""Model Name"": ""2022 Apple MacBook Air M2, 16GB RAM, 256GB Storage - Midnight (Z160000AU)"", ""Screen Size"": ""13.6 Inches"", ""Hard Disk Size"": ""256 GB"", ""CPU Model"": ""Apple M1"", ""Ram Memory Installed Size"": ""16 GB"", ""Graphics Card Description"": ""Integrated"", ""CPU Speed"": ""3.4 GHz"", ""Hard Disk Description"": ""SSD""}",,16,256,13.6,5.1,,,,
lt-069,Alienware M15 R6 Gaming Laptop,1599.99,4.0,,,,,"Alienware M15 R6 VR Ready Gaming Laptop - 15.6 inch QHD 2K 240Hz Display, Intel Core i7-11800H, 16GB DDR4 RAM, HDMI, WiFi,512GB SSD, NVIDIA GeForce RTX 3060 6GB GDDR6, Windows 11-Black","HIGH-SPEED PERFORMANCE: This vr ready gaming laptop is built with 11th Gen Intel Core i7 processors that deliver powerful performance for uninterrupted gameplay | IMPRESSIVE MEMORY: Alienware's first 15 inch portable laptop computer with 3200Mhz memory. This upgradable gaming laptop even lets gamers upgrade their memory post-purchase, using the two available SO DIMM slots | STUNNING VISUALS: Built with powerful discrete graphics, the NVIDIA GeForce RTX 3060 ensures clear gameplay | ADVANCED COOLING: Alienware Cryo-Tech optimizes component cooling, which maximizes overall performance | GAME-ENHANCING CONNECTIVITY: This vr laptop allows you to game with confidence and avoid lag with 1 Gigabit Ethernet and Wi-Fi 6 support for ideal networking performance","{""Standing screen display size"": ""15.6 Inches"", ""Screen Resolution"": ""2560 x 1440 pixels"", ""Max Screen Resolution"": ""2560 x 1440 Pixels"", ""Processor"": ""4.6 GHz core_i7_family"", ""RAM"": ""16 GB DDR4"", ""Memory Speed"": ""3200 MHz"", ""Hard Drive"": ""512 GB SSD"", ""Graphics Coprocessor"": ""NVIDIA GeForce RTX 3060"", ""Chipset Brand"": ""NVIDIA"", ""Card Description"": ""RTX 3060"", ""Graphics Card Ram Size"": ""6 GB"", ""Wireless Type"": ""Bluetooth"", ""Number of USB 3.0 Ports"": ""3"", ""Brand"": ""Alienware"", ""Series"": ""Alienware m15 R6"", ""Item model number"": ""AWM15R6-7705BLK-PUS"", ""Operating System"": ""RTX 3060"", ""Item Weight"": ""5.93 pounds"", ""Product Dimensions"": ""10.73 x 14.02 x 0.89 inches"", ""Item Dimensions  LxWxH"": ""10.73 x 14.02 x 0.89 inches"", ""Color"": ""Black"", ""Rear Webcam Resolution"": ""0.92 MP"", ""Processor Brand"": ""Intel"", ""Number of Processors"": ""8"", ""Computer Memory Type"": ""DDR4 SDRAM"", ""Flash Memory Size"": ""512 GB"", ""Hard Drive Interface"": ""Gigabit Ethernet"", ""Optical Drive Type"": ""No Optical Drive"", ""Voltage"": ""19.5 Volts (DC)"", ""Batteries"": ""1 Lithium Ion batteries required. (included)"", ""Best Sellers Rank"": {""Computers & Accessories"": 46928, ""Traditional Laptop Computers"": 8437}, ""Date First Available"": ""October 15, 2021"", ""Screen Size"": ""15.6 Inches"", ""Hard Disk Size"": ""512 GB"", ""CPU Model"": ""Core i7 Family"", ""Ram Memory Installed Size"": ""16 GB"", ""Special Feature"": ""Gaming""}",,16,512,15.6,5.93,,,,
lt-072,Gigabyte AORUS 15P XD,2059.0,4.4,,,,,"GIGABYTE AORUS 15P XD - 15.6"" FHD IPS Anti-Glare 240Hz, Intel Core i7, NVIDIA GeForce RTX 3070, GPU 8GB GDDR6, 16GB Memory, 1TB SSD, Win10 Home, Gaming Laptop (AORUS 15P XD-73US324SH)","NVIDIA GeForce RTX 3070 Laptop GPU 8 GB GDDR6 | Boost Clock 1560Mhz & Max Graphics Power of 130W | NVIDIA DLSS for groundbreaking AI rendering | 11th Gen Intel Core i7-11800H (2.3GHz~4.6GHz) | 16GB RAM (64GB Max), Gen4 1TB(5K) SSD | 15.6"" Thin Bezel FHD 1920x1080 IPS-level Anti-glare Display LCD (240Hz) | X-Rite Pantone Certified, per unit factory calibrated | Windforce Infinity Next-gen Cooling for Laptop, 99W Battery, 4.8lb | AORUS Fusion Per-key RGB Keyboard​; 14.0(W) x 9.6(D) x 1.06(H) inch","{""Standing screen display size"": ""15.6 Inches"", ""Max Screen Resolution"": ""1920 x 1080"", ""Processor"": ""4.6 GHz Intel_Mobile_CPU"", ""RAM"": ""16 GB DDR4"", ""Memory Speed"": ""4.6 GHz"", ""Hard Drive"": ""1 TB SSD"", ""Graphics Coprocessor"": ""NVIDIA GeForce RTX 3070 Laptop GPU,NVIDIA GeForce RTX 3070 Laptop GPUBoost Clock 1560 Mhz & Max Graphics Power of 130W"", ""Chipset Brand"": ""NVIDIA"", ""Card Description"": ""Dedicated"", ""Graphics Card Ram Size"": ""8 GB"", ""Wireless Type"": ""802.11ax"", ""Number of USB 3.0 Ports"": ""3"", ""Brand"": ""GIGABYTE"", ""Series"": ""AORUS 15P XD-73US224SH"", ""Item model number"": ""AORUS 15P XD-73US324SH"", ""Hardware Platform"": ""PC"", ""Operating System"": ""Windows 10 Home"", ""Item Weight"": ""4.8 pounds"", ""Product Dimensions"": ""9.6 x 14 x 1.06 inches"", ""Item Dimensions  LxWxH"": ""9.6 x 14 x 1.06 inches"", ""Color"": ""Black"", ""Processor Brand"": ""Intel"", ""Number of Processors"": ""8"", ""Optical Drive Type"": ""No Optical Drive"", ""Power Source"": ""Battery Powered"", ""Voltage"": ""230 Volts"", ""Batteries"": ""1 Lithium Polymer batteries required. (included)"", ""Best Sellers Rank"": {""Computers & Accessories"": 53343, ""Traditional Laptop Computers"": 10069}, ""Date First Available"": ""July 9, 2021"", ""Screen Size"": ""15.6 Inches"", ""Hard Disk Size"": ""1 TB"", ""CPU Model"": ""Intel Mobile CPU"", ""Ram Memory Installed Size"": ""16 GB"", ""Special Feature"": ""Video Graphics Technology: Supports NVIDIA Max-Q Technologies, Dynamic Boost 2.0, Resizable BAR, and Optimus Technology.Video Graphics Technology: Supports NVIDIA Max-Q Technologies, Dynamic Boost 2.0, Resizable BAR, and Optimus Technology.  See more""}",,16,1024,15.6,4.8,,,,
lt-073,Eluktronics MECH 15 G3R Gaming Laptop,2249.55,4.4,,,,,"Eluktronics MECH 15 G3R (2022) 15.6"" Liquid Cooled Gaming Laptop: Intel Core i9-12900H, NVIDIA RTX 3080 Ti, Thunderbolt 4, 1TB PCIe Gen 4 SSD, 32GB DDR5 RAM, Win 11 Home, 15.6 QHD 240Hz Notebook","Ultra Performance Inspired: Designed with an impressive thermal design for air cooling and complimented with a proprietary external liquid cooling system which connects to the back of the laptop. This circulates cold water through the internal heatsinks of this system cooling up to 20 degrees Celcius for both the CPU & GPU. A desktop experience at home and disconnect when you're ready to go mobile! | Extreme Performance – Crush the competition with a the power and speed of the latest Intel Core i9-12900H processor, featuring 14 cores and 20 threads to divide and conquer multiple tasks at once | Not Your Average RTX Graphics Card – The latest NVIDIA GeForce RTX 3080 Ti (16GB dedicated GDDR6 VRAM) is powered by award-winning Ampere architecture with new Ray Tracing Cores, Tensor Cores, and streaming multiprocessors supports up to 165 watts of power for the ultimate gaming performance | Blazing-Fast & Color Accurate Display – This 15.6"" Quad HD (2560 x 1440) IPS-Type LED-backlit display with 16:9 aspect ratio features an incredibly fast 240Hz refresh rate for gamers and content creators who demand the best visual experiences | Why Eluktronics – Astoundingly powerful. Professional Design. No External Branding. No Bloatware. No BS. US Based Support. Our laptops are designed to let you work, play, and create like never before! | Let's Get Connected – A Thunderbolt 4 port provides ultra fast 40Gbps transfer speeds and docking station connectivity. An HDMI 2.1 port is tied directly to the NVIDIA graphics card for maximum performance. Intel WiFi 6, Bluetooth 5.2 and a 2,500GB Ethernet LAN let's you connect wirelessly or wired | Samsung Memory & Storage – 32GB DDR5 4800MHz RAM helps open multiple tabs and applications at once. Not all PCIe Gen 4 drives are the same! We strictly use a client focused 1TB PCIe Gen 4 SSD with up to 7,000MB read speeds and up to 5,100MB write speeds to handle your operating system for ULTRA fast boot & loading times, playing games, transferring work, content creation & more. Plus, there is one additional PCIe Gen 4 SSD bay internally for future expansion.","{""Standing screen display size"": ""15.6 Inches"", ""Screen Resolution"": ""2560 x 1440 pixels"", ""Max Screen Resolution"": ""2560 x 1440 Pixels"", ""Processor"": ""2.5 GHz intel_core_i9"", ""RAM"": ""32 GB DDR5"", ""Hard Drive"": ""1 TB SSD"", ""Graphics Coprocessor"": ""NVIDIA GeForce RTX 3080 Ti"", ""Chipset Brand"": ""NVIDIA"", ""Card Description"": ""Intel Core i9 - 12900H & RTX 3080Ti"", ""Brand"": ""Eluktronics"", ""Series"": ""MECH 15"", ""Item model number"": ""MECH 15 G3R"", ""Hardware Platform"": ""PC"", ""Operating System"": ""Windows 11 Home"", ""Processor Brand"": ""Intel"", ""Number of Processors"": ""8"", ""Computer Memory Type"": ""DDR5 RAM"", ""Hard Drive Interface"": ""Solid State"", ""Best Sellers Rank"": {""Computers & Accessories"": 139048, ""Traditional Laptop Computers"": 31229}, ""Date First Available"": ""June 14, 2022"", ""Screen Size"": ""15.6 Inches"", ""Hard Disk Size"": ""1 TB"", ""CPU Model"": ""Intel Core i9"", ""Ram Memory Installed Size"": ""32 GB"", ""Special Feature"": ""Backlit""}",,32,1024,15.6,4.68,,,,
lt-074,Razer Blade 15 Base Gaming Laptop,2299.99,4.4,,,,,"Razer Blade 15 Base Gaming Laptop 2020: Intel Core i7-10750H 6-Core, NVIDIA GeForce RTX 2070 Max-Q,15.6"" 4K OLED,16GB RAM,512GB SSD, CNC Aluminum,Chroma RGB,Thunderbolt 3,Creator Ready, Mercury White","More power: The 10th Gen Intel Core i7-10750H processor provides the ultimate level of performance with up to 5.0 GHz max turbo and 6 cores. | Ray-tracing: The NVIDIA GeForce RTX 2070 with Max-Q Design is powered by the NVIDIA Turing GPU architecture and brings cinematic-quality rendering to the most visually intense games. | Vivid visuals: The 4K OLED display delivers blazing fast 1ms response time and a wide color range covering 100% of the DCI-P3 space, while the HDR 400 true black ensures deep blacks and vibrant colors. | Thin and compact: The CNC aluminum unibody frame houses incredible performance in the most compact footprint possible, while remaining remarkably durable and just 0.78"" thin. | Ready to connect: Fully loaded with Wi-Fi 6, Gigabit Ethernet, Thunderbolt 3, USB type-A and type-C ports, and HDMI, for a desktop-class experience","{""Standing screen display size"": ""15.6 Inches"", ""Screen Resolution"": ""3840 x 2160 pixels"", ""Max Screen Resolution"": ""1920 x 1080 Pixels"", ""Processor"": ""5 GHz core_i7_family"", ""RAM"": ""16 GB DDR4"", ""Memory Speed"": ""2933 MHz"", ""Hard Drive"": ""512 GB SSD"", ""Graphics Coprocessor"": ""NVIDIA GeForce RTX 2070 Max-Q"", ""Chipset Brand"": ""NVIDIA"", ""Card Description"": ""Dedicated"", ""Graphics Card Ram Size"": ""8 GB"", ""Wireless Type"": ""Bluetooth, 802.11a/b/g/n/ac"", ""Number of USB 3.0 Ports"": ""3"", ""Brand"": ""Razer"", ""Series"": ""Blade 15"", ""Item model number"": ""RZ09-03287EM2-R3U1"", ""Hardware Platform"": ""PC"", ""Operating System"": ""Windows 10"", ""Item Weight"": ""8.63 pounds"", ""Product Dimensions"": ""13.98 x 0.78 x 9.25 inches"", ""Item Dimensions  LxWxH"": ""13.98 x 0.78 x 9.25 inches"", ""Color"": ""Mercury White"", ""Processor Brand"": ""Intel"", ""Number of Processors"": ""6"", ""Computer Memory Type"": ""DDR4 SDRAM"", ""Flash Memory Size"": ""16"", ""Hard Drive Interface"": ""Gigabit Ethernet"", ""Optical Drive Type"": ""No Optical Drive"", ""Voltage"": ""230 Volts"", ""Batteries"": ""1 Lithium Ion batteries required. (included)"", ""Best Sellers Rank"": {""Computers & Accessories"": 51137, ""Traditional Laptop Computers"": 9356}, ""Date First Available"": ""March 8, 2021"", ""Screen Size"": ""15.6 Inches"", ""Hard Disk Size"": ""512 GB"", ""CPU Model"": ""Core i7 Family"", ""Ram Memory Installed Size"": ""16 GB""}",,16,512,15.6,8.63,,,,
lt-075,Alienware x15 R1 Gaming Laptop,2499.0,4.1,,,,,"Alienware x15 R1 VR Ready Gaming Laptop - 15.6 inch FHD 360Hz Display, Intel Core i7-11800H, 16GB DDR4 RAM, 1TB SSD, HDMI, WiFi, NVIDIA GeForce RTX 3070 8GB GDDR6, Windows 11 Home - White","Aspect Ratio:16:9 | INTENSE VISUALS: Explore new worlds on this gaming laptop in Full HD detail on the 15.6-inch 300 nit display with 1920 x 1080 resolution, 360hz 1ms refresh rate and ComfortView Plus | POWERFUL PROCESSOR: 11th Gen Intel Core i7 processor (24MB Cache, up to X GHz, 8 cores) delivers powerful and high-speed performance for uninterrupted gameplay | STUNNING GRAPHICS: NVIDIA GeForce RTX 3070 8GB GDDR6 graphics card is built with enhanced RT Cores and Tensor Cores and high-speed G6 memory, allowing you to play through the most demanding games | OPTIMIZE YOUR GAMING LAPTOP: Killer AX 1675 + Bluetooth 5.2 technology delivers multiple high-speed channel wireless for improved performance and reliability | KILLER COOLING: Game for longer periods of time thanks to Alienware's quad fan technology designed to move air over internal hotspots by dissipating heat and reducing external temperatures | Power: Adapter 240W","{""Standing screen display size"": ""15.6 Inches"", ""Screen Resolution"": ""1920 x 1080 pixels"", ""Max Screen Resolution"": ""1920 x 1080 Pixels"", ""Processor"": ""4.6 GHz core_i7_family"", ""RAM"": ""16 GB DDR4"", ""Memory Speed"": ""3200 MHz"", ""Hard Drive"": ""1 TB SSD"", ""Graphics Coprocessor"": ""NVIDIA GeForce RTX 3070"", ""Chipset Brand"": ""NVIDIA"", ""Card Description"": ""RTX 3070"", ""Graphics Card Ram Size"": ""8 GB"", ""Wireless Type"": ""Bluetooth"", ""Number of USB 3.0 Ports"": ""4"", ""Brand"": ""Alienware"", ""Series"": ""Alienware x15 R1"", ""Item model number"": ""AWX15R1-7470WHT-PUS"", ""Hardware Platform"": ""PC"", ""Operating System"": ""Windows 10 Home"", ""Item Weight"": ""5.2 pounds"", ""Product Dimensions"": ""10.92 x 14.16 x 0.63 inches"", ""Item Dimensions  LxWxH"": ""10.92 x 14.16 x 0.63 inches"", ""Color"": ""White"", ""Rear Webcam Resolution"": ""0.92 MP"", ""Processor Brand"": ""Intel"", ""Number of Processors"": ""8"", ""Computer Memory Type"": ""DDR4 SDRAM"", ""Flash Memory Size"": ""1"", ""Optical Drive Type"": ""No Optical Drive"", ""Voltage"": ""11.4 Volts (DC)"", ""Batteries"": ""1 Lithium Ion batteries required. (included)"", ""Best Sellers Rank"": {""Computers & Accessories"": 52386, ""Traditional Laptop Computers"": 9615}, ""Date First Available"": ""October 1, 2021"", ""Screen Size"": ""15.6 Inches"", ""Hard Disk Size"": ""1 TB"", ""CPU Model"": ""Core i7 Family"", ""Ram Memory Installed Size"": ""16 GB""}",,16,1024,15.6,5.2,,,,
cm-001,Brentwood 4-Cup Coffee Maker,19.48,4.0,,,,,Brentwood 4-Cup Coffee Maker (White),"Steel | Made in the USA or Imported | Note: 1)Too coarse a grind, too little coffee, or insufficiently tamping the grounds before brewing can all lead to inadequate pressure for a proper brew. 2)It is important to note that the amount of espresso extracted will vary depending on the grind size and amount and reprogramming may be needed when the size and amount are adjusted | 4-cup coffee maker- White | Made by Brentwood appliances | Excellent quality | Providing quality products at reasonable costs | Distributing small appliances for over 25 years","{""Brand"": ""Brentwood"", ""Capacity"": ""4 Cubic Feet"", ""Color"": ""White"", ""Special Feature"": ""Manual"", ""Filter Type"": ""Reusable"", ""Specific Uses For Product"": ""Coffee maker"", ""Included Components"": ""product, manual"", ""Operation Mode"": ""Manual"", ""Wattage"": ""650 watts"", ""Model Name"": ""Coffee Maker"", ""Number of Items"": ""1"", ""Human Interface Input"": ""Buttons"", ""Package Type"": ""Standard Packaging"", ""Unit Count"": ""1.0 Count"", ""Product Dimensions"": ""9 x 5.14 x 7.07 inches"", ""Item Weight"": ""2.46 pounds"", ""Manufacturer"": ""BRENTWOOD"", ""Country of Origin"": ""China"", ""Item model number"": ""TS-213W"", ""Best Sellers Rank"": {""Home & Kitchen"": 107912, ""Coffee Machines"": 194}, ""Is Discontinued By Manufacturer"": ""No"", ""Fabric Type"": ""Steel"", ""Assembly required"": ""No"", ""Number of pieces"": ""1"", ""Warranty Description"": ""1 year"", ""Batteries required"": ""No"", ""Import"": ""Made in the USA or Imported""}",,,,,,4,False,False,True
cm-002,Brentwood TS-213BL Coffee Maker,22.95,4.2,,,,,"Brentwood TS-213BL 4 Cup Coffee Maker, Blue","Note: 1)Too coarse a grind, too little coffee, or insufficiently tamping the grounds before brewing can all lead to inadequate pressure for a proper brew. 2)It is important to note that the amount of espresso extracted will vary depending on the grind size and amount and reprogramming may be needed when the size and amount are adjusted | Brews 4 Cups of Coffee | Tempered Glass Coffee Carafe | Reusable Filter and Coffee Ground Scooper | Warming Plate and Water Level Window | Safely Enjoy with No BPA","{""Brand"": ""Brentwood"", ""Color"": ""Blue"", ""Product Dimensions"": ""6.25\""D x 8.5\""W x 10.5\""H"", ""Special Feature"": ""Manual"", ""Coffee Maker Type"": ""Drip Coffee Machine"", ""Filter Type"": ""Reusable"", ""Specific Uses For Product"": ""Coffee maker"", ""Included Components"": ""Coffee Maker"", ""Operation Mode"": ""Manual"", ""Model Name"": ""TS-213BL"", ""Number of Items"": ""1"", ""Human Interface Input"": ""Buttons"", ""Unit Count"": ""1.0 Count"", ""Item Weight"": ""2.5 pounds"", ""Manufacturer"": ""Brentwood"", ""Country of Origin"": ""USA"", ""Item model number"": ""TS-213BL"", ""Best Sellers Rank"": {""Home & Kitchen"": 73872, ""Coffee Machines"": 153}, ""Date First Available"": ""July 3, 2019"", ""Capacity 4 Cubic Inches"": """", """": ""Wattage 650 watts"", ""Item Weight 2.5 Pounds"": """"}",,,,,,4,False,False,False
cm-003,Dominion 4-Cup Coffeemaker,22.99,4.0,,,,,"Dominion 4-Cup Coffeemaker Compact Coffee Pot Brewer Machine, Quiet Operation with On / Off LED Indicator Light, Convenient Cord Storage and Auto Pause Feature, Easy Anti-drip Coffeemaker with Coffee Pot and Removable Filter Basket for Office / Home, White","FAST BREW AND SPACE SAVING DESIGN - Start your morning with a delicious cup of hot coffee with Dominion’s four cup (20 ounce) coffee maker. This coffee maker is easy to use, brews coffee fast and is the perfect addition for any home, kitchen, or office. The unit features a slim and compact space saving design and won’t take up too much space on a counter or surface. It’s easy to store away in a cupboard or cabinet when it’s not being used. | ON / OFF LED INDICATOR LIGHT AND EASY TO SEE WATER WINDOW - The unit features an LED indicator light on the on / off button to let you know when the unit is being used. Additionally, the coffee maker’s auto pause feature allows you to stop and grab a single of coffee (1 cup = 5oz) while the rest of the coffee continues to brew. The transparent water window markings on the side of coffee maker make it easy to brew a precise amount of coffee without the worry of spillage. | DRIP-FREE DESIGN AND EASY CORD STORAGE - You’ll never have to worry about coffee dripping with Dominion’s coffee maker. Our glass carafe is designed to prevent dripping and you’ll be able to remove the glass from the stay warm plate without the worry of coffee drips. Another great feature of this unit is the built in cord storage around the base of the unit. When you are not using the unit, simply roll the cord back into the coffeemaker. | STAY WARM PLATE HEATS CONSISTENTLY - The unit features a built in insulated stay warm plate to help you keep your coffee warm even after you finish brewing. We want your first cup of coffee to be as delicious as your fourth. The stay warm plate heats consistently and evenly so you don’t have to worry about the possibility of pouring a cold cup. | EASY TO CLEAN AND MAINTAIN - The unit’s removable filter basket allows for quick and easy clean up and the hot plate is easy to wipe down. (Please make sure that the plate is not hot when this is done*) In addition, the top lid of the coffeemaker is large / easy to open, so cleaning the inside of this coffee maker is breeze and won’t take up too much of your time.","{""Brand"": ""Dominion"", ""Color"": ""White"", ""Product Dimensions"": ""8.25\""D x 7.5\""W x 9.5\""H"", ""Included Components"": ""Filter, Carafe"", ""Model Name"": ""D7010CMW"", ""Number of Items"": ""1"", ""Human Interface Input"": ""Buttons"", ""Item Weight"": ""2.18 pounds"", ""Item model number"": ""D7010CMW"", ""Best Sellers Rank"": {""Home & Kitchen"": 72319, ""Coffee Machines"": 137}, ""Date First Available"": ""June 10, 2022"", ""Capacity 4 Cups"": """", """": ""Material Glass""}",,,,,,4,False,False,False
cm-004,Dominion 4-Cup Coffeemaker,22.99,4.2,,,,,"Dominion 4-Cup Coffeemaker Compact Coffee Pot Brewer Machine, Quiet Operation with On / Off LED Indicator Light, Convenient Cord Storage and Auto Pause Feature, Easy Anti-drip Coffeemaker with Coffee Pot and Removable Filter Basket for Office / Home, Black","FAST BREW AND SPACE SAVING DESIGN - Start your morning with a delicious cup of hot coffee with Dominion’s four cup (20 ounce) coffee maker. This coffee maker is easy to use, brews coffee fast and is the perfect addition for any home, kitchen, or office. The unit features a slim and compact space saving design and won’t take up too much space on a counter or surface. It’s easy to store away in a cupboard or cabinet when it’s not being used. | ON / OFF LED INDICATOR LIGHT AND EASY TO SEE WATER WINDOW - The unit features an LED indicator light on the on / off button to let you know when the unit is being used. Additionally, the coffee maker’s auto pause feature allows you to stop and grab a single of coffee (1 cup = 5oz) while the rest of the coffee continues to brew. The transparent water window markings on the side of coffee maker make it easy to brew a precise amount of coffee without the worry of spillage. | DRIP-FREE DESIGN AND EASY CORD STORAGE - You’ll never have to worry about coffee dripping with Dominion’s coffee maker. Our glass carafe is designed to prevent dripping and you’ll be able to remove the glass from the stay warm plate without the worry of coffee drips. Another great feature of this unit is the built in cord storage around the base of the unit. When you are not using the unit, simply roll the cord back into the coffeemaker. | STAY WARM PLATE HEATS CONSISTENTLY - The unit features a built in insulated stay warm plate to help you keep your coffee warm even after you finish brewing. We want your first cup of coffee to be as delicious as your fourth. The stay warm plate heats consistently and evenly so you don’t have to worry about the possibility of pouring a cold cup. | EASY TO CLEAN AND MAINTAIN - The unit’s removable filter basket allows for quick and easy clean up and the hot plate is easy to wipe down. (Please make sure that the plate is not hot when this is done*) In addition, the top lid of the coffeemaker is large / easy to open, so cleaning the inside of this coffee maker is breeze and won’t take up too much of your time.","{""Package Dimensions"": ""10.71 x 9.29 x 7.95 inches"", ""Item Weight"": ""3.05 pounds"", ""Manufacturer"": ""Dominion"", ""Country of Origin"": ""China"", ""Item model number"": ""D7009CM"", ""Best Sellers Rank"": {""Home & Kitchen"": 240266, ""Coffee Machines"": 325}, ""Date First Available"": ""December 18, 2019""}",,,,,,4,False,False,False
cm-006,Aigostar 4 Cups Drip Coffee Maker,23.99,4.2,,,,,"Aigostar 4 Cups Drip Coffee Maker, Coffee Pot Machine with Reusable Filter, Warming Plate and Glass Carafe Compact Coffeemakers for Home, Office & Travel, Stainless Steel Decoration, Black","☕️【Easy Operation】On/Off switch with visible indicator light, one operation to enjoy coffee in minutes. Aigostar coffee machine uses professional fast brewing technology, allows you to get a whole cup of rich-tasting coffee. The coffee pot is great for single person or household use. | ☕️【Anti-drip Design】Convenient anti-drip valve in 30 seconds, taking off glass pot at any time and enjoy coffee without worrying about coffee dripping. Aigostar drip coffee maker is designed with a clean and simplicity look. | ☕️【Keep Warm】The 4 cups coffee maker built-in a nonstick insulation board can keep coffee warm for 35 minutes automatically, which consistent great flavor from the first to last drop. | ☕️【Reusable Cone Filter】A removable cone filter and a basket which is washable and reusable. The cone filter is considered to brew better coffee than basket filter. Also they are dishwasher safe. Compact small coffee maker takes up less counter space. High quality with UL certificated. | ☕️【Compact Design】4 cup coffee maker rated at 600W, coffee can be obtained in 1 minute. The electric coffee maker has a capacity of about 0.6L translucent water tank with level marks. It's perfect size for someone who wants to make a few cups of coffee, and doesn't want to waste a half pot of cold, un-drunk coffee when using a bigger carafe. Note: Cup equals approximately 5 oz. (varies by brewing technique). | ☕️【Convenience Coffee Maker】Making the coffee-brewing process easier and more convenient. With just a touch of a button, you can have a fresh cup of coffee ready in minutes. | ☕️【Time-saving Everyday】The small coffee pot can save time, especially in the morning rush. Instead of waiting in line at a coffee shop, or spending time boiling water and making coffee manually, you can make your coffee at home quickly and easily. | ☕️【Consistency Taste】The coffee pot provide consistent coffee every time. The machine uses the same amount of coffee and water each time, ensuring that the taste and strength of the coffee is the same. | ☕️【Hygiene is Important】Aigostar coffee maker machines are easy to clean and maintain, ensuring that your coffee is always fresh and hygienic. | ❤️Satisfied Customer Service - If there has any problem with your small coffee maker, please feel free to send us a message for a solution.","{""Brand"": ""Aigostar"", ""Capacity"": ""0.6 Liters"", ""Color"": ""Black"", ""Product Dimensions"": ""12\""D x 6.9\""W x 5.6\""H"", ""Special Feature"": ""☕️One Switch & Easy Operation, enjoy flavorful coffee in minutes, ☕️Keep Warm, the warming plate keeps coffee warm, ensuring every cup you drink is hot coffee, ☕️No-drip Function, grab it at anytime if you need a cup before brewing is finished, ☕️Reusable Filter, removable filter basket for quick and easy cleanup, ☕️Visible Water Window, user friendly design, filling water are more convenient☕️One Switch & Easy Operation, enjoy flavorful coffee in minutes, ☕️Keep Warm, the warming plate keeps coffee warm, ensuring every cup you drink is hot coffee, ☕️No-drip Function, grab it at anytime if you n…  See more"", ""Coffee Maker Type"": ""Drip Coffee Machine"", ""Material"": ""Plastic"", ""Filter Type"": ""Reusable"", ""Style"": ""Glass pot coffee maker"", ""Specific Uses For Product"": ""Party, Personal, Family, Activity"", ""Recommended Uses For Product"": ""Kitchen, Indoor, Home, Camping, Hotel"", ""Item Weight"": ""2.1 pounds"", ""Included Components"": ""Filter, Carafe"", ""Wattage"": ""600 Watt-hours"", ""Voltage"": ""120 Volts (AC)"", ""Number of Items"": ""1"", ""Human Interface Input"": ""Buttons"", ""Package Type"": ""Standard Packaging"", ""Unit Count"": ""1.0 Count"", ""Manufacturer"": ""Aigostar"", ""Country of Origin"": ""China"", ""Best Sellers Rank"": {""Home & Kitchen"": 124466, ""Coffee Machines"": 212}, ""Date First Available"": ""December 11, 2018""}",,,,,,4,False,False,False
cm-008,Hamilton Beach 5 Cup Compact Drip,26.99,4.3,,,,,"Hamilton Beach 5 Cup Compact Drip Coffee Maker, Works with Smart Plugs, Glass Carafe, Auto Pause and Pour, Black & Stainless Steel (46110)","PERFECT FOR SMALL APARTMENTS & KITCHENS — With its compact space-saving design this small drip coffee maker easily fits under kitchen cabinets It's perfect for smaller kitchens apartments or for optimizing countertop space in any kitchen | EASILY FILL FROM THE FRONT — The FrontFill water reservoir and swing-out brew basket are designed for easy access under cabinets so it's simpler to add water and coffee grounds to the coffee maker The design also reduces countertop spills and mess | BREW UP TO 5 CUPS AT A TIME — This Hamilton Beach coffee maker brews the perfect amount of coffee for your daily needs reducing coffee waste | AUTOPAUSE & POUR — The flow of coffee on the drip coffee maker stops when you remove the carafe so you can pour a cup of coffee before the brewing stops without making a mess | LIFT & CLEAN DISHWASHER-SAFE BREW BASKET The small coffee maker's Lift & Clean brew basket uses basket-style filters and is easy to remove and clean in the dishwasher | Smart Plug Compatible: Plug Into Any Smart Plug Compatible With Alexa, Google Home or Siri to Voice Control or Add to Your Routines; Smart Plug Sold Separately","{""Brand"": ""Hamilton Beach"", ""Capacity"": ""1.2 Liters"", ""Color"": ""Black & Stainless Steel"", ""Product Dimensions"": ""10\""D x 7\""W x 12\""H"", ""Special Feature"": ""Manual"", ""Coffee Maker Type"": ""Drip Coffee Machine"", ""Material"": ""Glass"", ""Filter Type"": ""Reusable"", ""Style"": ""Works with Smart Plugs"", ""Item Weight"": ""2.2 pounds"", ""Included Components"": ""Coffee Maker"", ""Operation Mode"": ""Fully Automatic"", ""Wattage"": ""650 watts"", ""Model Name"": ""Hamilton Beach 5 Cup Compact Drip"", ""Number of Items"": ""1"", ""Human Interface Input"": ""Buttons"", ""Package Type"": ""Standard Packaging"", ""Manufacturer"": ""Hamilton Beach"", ""Country of Origin"": ""China"", ""Item model number"": ""46110"", ""Best Sellers Rank"": {""Home & Kitchen"": 222408, ""Coffee Machines"": 343}, ""Date First Available"": ""December 10, 2019""}",,,,,,5,False,False,False
cm-009,Proctor Silex 10-Cup Drip Coffee Maker,27.99,4.1,,,,,"Proctor Silex Coffee Maker, Works with Smart Plugs That are Compatible with Alexa, Auto Pause and Serve, 10-Cup, Black","Simple to use. Just add coffee and water to the drip coffee maker, and brew with the push of one button to make up to 10 cups of great-tasting, hot coffee at home. | Durable and easy to clean. The 10 cup coffee maker has a durable, borosilicate glass carafe and Lift & Clean brew basket that are both dishwasher safe. | Get your first cup fast. With Auto Pause & Pour, the flow of coffee stops when you lift the carafe to pour a cup of coffee mid-brew. Simply replace the carafe to continue brewing. | Easily see when the coffee maker is on. The on/off indicator light on the switch illuminates when the coffee maker is turned on to remind you to shut it off. | Smart plug compatible. Plug into any Smart plug compatible with Alexa, Google Home or Siri to voice control or add to your routines; Smart plug sold separately.","{""Brand"": ""Proctor Silex"", ""Capacity"": ""80 Fluid Ounces"", ""Color"": ""Black"", ""Product Dimensions"": ""7.75\""D x 9\""W x 11.88\""H"", ""Special Feature"": ""App-Controlled"", ""Coffee Maker Type"": ""Drip Coffee Machine"", ""Material"": ""Glass, Plastic"", ""Filter Type"": ""Reusable"", ""Style"": ""Modern"", ""Specific Uses For Product"": ""Coffee Maker"", ""Item Weight"": ""3.9 pounds"", ""Included Components"": ""Carafe"", ""Wattage"": ""900 watts"", ""Voltage"": ""110 Volts"", ""Model Name"": ""Proctor Silex Coffee Maker, Works with Smart Plugs"", ""Number of Items"": ""1"", ""Human Interface Input"": ""Buttons"", ""Package Type"": ""Standard Packaging"", ""Unit Count"": ""1.0 Count"", ""Department"": ""Unisex-adult"", ""Manufacturer"": ""Hamilton Beach"", ""Domestic Shipping"": ""Item can be shipped within U.S."", ""International Shipping"": ""This item can be shipped to select countries outside of the U.S.  Learn More"", ""Country of Origin"": ""China"", ""Item model number"": ""48351PS"", ""Best Sellers Rank"": {""Home & Kitchen"": 65227, ""Coffee Machines"": 127}, ""Is Discontinued By Manufacturer"": ""No"", ""Date First Available"": ""June 7, 2012""}",,,,,,10,False,False,False
cm-010,Amazon Basics 12 Cup Coffee Maker,29.69,4.2,,,,,"Amazon Basics 12 Cup Coffee Maker With Reusable Filter, Black & Stainless Steel","12-cup coffee maker with warming plate ideal for homes, apartments, work spaces, and more | EASY OPERATION-Just press the ON/OFF switch to brew and enjoy flavorful coffee in minutes. ON/OFF indicator light lets you know when your coffee maker is on or off | KEEP WARM-Stain-resistant warming plate keeps coffee warm until you turn it off, ensuring every cup you drink is hot coffee | Visible water window allows you to see how much water is being added for precision measuring and overflow prevention | Removable, reusable filter basket can be easily lifted out for disposal and cleaning | Comfort grip handle and drip-free carafe design for easy pouring | Pause function allows you to temporarily stop the coffee maker and remove the carafe mid-brew","{""Brand"": ""Amazon Basics"", ""Capacity"": ""12 Cups"", ""Color"": ""Black & Stainless Steel"", ""Product Dimensions"": ""7.09\""D x 11.81\""W x 12.13\""H"", ""Special Feature"": ""Permanent Filter"", ""Material"": ""Stainless Steel"", ""Item Weight"": ""2.91 pounds"", ""Included Components"": ""Filter, Carafe"", ""Wattage"": ""800 watts"", ""Number of Items"": ""1"", ""Human Interface Input"": ""Buttons"", ""Package Type"": ""Standard Packaging"", ""Unit Count"": ""1 Count"", ""Manufacturer"": ""Amazon Basics"", ""Country of Origin"": ""China"", ""Item model number"": ""CM1091A-UL"", ""Best Sellers Rank"": {""Our Brands"": 1601, ""Coffee Machines"": 54}, ""Date First Available"": ""January 19, 2021""}",,,,,,12,False,False,False
cm-011,Commercial Chef 12 Cup Programmable Drip Coffee Maker,30.67,4.1,,,,,"COMMERCIAL CHEF Coffee Maker with Nylon Coffee Filter, Digital 12 Cup Coffee Maker with Glass Pot and Handle, Programmable Coffee Maker with LCD Display","12 Cups: Enjoy 12 delicious cups of your favorite roast with this outstanding COMMERCIAL CHEF coffee machine. This coffee maker 12 cup (11.02‘’ x 7.24‘’ x 12.24'') is perfect for early mornings. | Drip Coffee: Whether it's an Ethiopian blend or a delicious French Roast, you can savor your flavors in your morning coffee mug. When it comes to coffee makers (3.53 lbs.), this won't let you down. | Functionality: Our COMMERCIAL CHEF coffee maker will impress guests with its anti-drip feature to avoid messy countertops and its keep warm function so your guests won't complain of cold coffee! | Programmable: You can program your new drip coffee maker the night before so it begins percolating early in the morning. What's not to love about a digital coffee pot full and waiting for in the AM? | Perfect for Kitchen: Our digital coffee machine has a stylish modern finesse that will fit right into any kitchen, whether is an apartment or home. It even comes with cord storage.","{""Brand"": ""Commercial CHEF"", ""Capacity"": ""1.8 Liters"", ""Color"": ""Stainless Steel"", ""Product Dimensions"": ""21.85\""D x 26.22\""W x 24.04\""H"", ""Special Feature"": ""Programmable"", ""Coffee Maker Type"": ""Moka Pot"", ""Material"": ""Stainless Steel, Glass"", ""Filter Type"": ""Reusable"", ""Specific Uses For Product"": ""Coffee maker"", ""Item Weight"": ""3.53 pounds"", ""Included Components"": ""product, manual"", ""Operation Mode"": ""Fully Automatic"", ""Voltage"": ""110"", ""Model Name"": ""12-cup Stainless Steel Coffee Maker"", ""Number of Items"": ""1"", ""Human Interface Input"": ""Buttons"", ""Package Type"": ""Standard Packaging"", ""Manufacturer"": ""W Appliance Company"", ""Item model number"": ""BC-2809CB"", ""Best Sellers Rank"": {""Home & Kitchen"": 1053072, ""Coffee Machines"": 1046}, ""Is Discontinued By Manufacturer"": ""No"", ""Finish types"": ""Silver"", ""Care instructions"": ""Hand Wash"", ""Assembly required"": ""No"", ""Number of pieces"": ""1"", ""Warranty Description"": ""1 year"", ""Batteries required"": ""No"", ""Import"": ""Made in the USA or Imported""}",,,,,,12,True,False,False
cm-012,Aigostar Programmable Coffee Maker 8 Cup,32.99,4.1,,,,,"Aigostar Programmable Coffee Maker, 8 Cup Coffee Maker with Glass Carafe, Auto Pause Electric Coffee Maker, Auto Keep Warm Drip Coffee Maker with Permanent Filter, Black","🔥24 HOUR PROGRAMMABLE - The coffee maker with 24H timer function. Programmable function allows you to set your coffee maker in advance and wake up to enjoy freshly brewed coffee. Simple ON/OFF button to start brewing and turn off the brewer. PROG button: Press to pre-set the auto-brew time. Set time with Min and Hour buttons. The controls are intuitive, easy to program and the indicator light and LED display make it easy to read and use. | 🔥AUTO PAUSE & NO-DRIP - The coffee maker comes with anti-drip feature, interrupt the brew cycle and pour a cup of coffee without making a mess. It ensure your coffee maker and kitchen counter-top remain clean and tidy. | 🔥KEEP WARM FUNCTION - The handy keep warm function allows you to keep your coffee at a consistent temperature and ready to drink when you are. After your coffee pot has brewed a fresh carafe of coffee, the warming plate will retain heat, keeping the temperature for up to 40 minutes and then auto turned off. | 🔥REUSABLE FILTER - The glass coffee maker comes with a removable cone filter and a basket which is washable and reusable. The cone filter is considered to brew better coffee than basket filter. Also they are dishwasher safe. Removable brew filter basket and glass carafe can be cleaned in the dishwasher, saving time and effort in your life. Easy to view water window allows you to see the exact water level for no overflows. Size dimension: 7.2x8.9x12 inches. | 🔥LARGE CAPACITY - You'll love the convenience of the Aigostar drip coffee pot, which allows you to brew up to 8-10 full cups of coffee thanks to its high temperature resistant glass carafe with a 42-ounce capacity. | 🔥QUICK BREWING - The Aigostar drip coffee pot boasts a high-powered 800W motor, enabling quick brewing in just 1 minute. Furthermore, the pot features an easy-pour, no-drip spout for added convenience. | 🔥EASY CLEANING - This aigostar coffee maker features a simple design that allows for easy cleaning. The parts exposed to loose grounds and water can be easily removed from the base, disassembled, and placed in the dishwasher. However, it is important to note that the electrical base, power cord, and plug of the dishwasher-safe coffee maker should never be immersed in water or other liquids. | 🔥PERFECT FOR A FAMILY - Maintaining a compact and modern style, the 8-cup brewing capacity of this coffee maker is perfect for a small family. | ❤️Satisfied Customer Service - If there has any problem with your 8 cups coffee maker, please feel free to send us a message for a solution.","{""Brand"": ""Aigostar"", ""Capacity"": ""10 Cups, 8 Cups"", ""Color"": ""Black"", ""Product Dimensions"": ""10\""D x 6.5\""W x 5.4\""H"", ""Special Feature"": ""☕️Easy-to-read LCD display provides high visibility, ☕️Programmable up to 24 hours in advance means hot coffee right when you wake up, ☕️Easy cleanup. Nonstick, stain-resistant warming plate and dishwasher-safe reusable filter basket holder makes for quick cleanup, ☕️8 cup glass carafe for brewing the perfect quantity of hot fresh coffee for an individual or a small group of people, ☕️Pause-and-serve, allows you to grab a cup before brewing is complete☕️Easy-to-read LCD display provides high visibility, ☕️Programmable up to 24 hours in advance means hot coffee right when you wake up, ☕️Easy cleanup. Nonstick, stain-resistant wa…   See more"", ""Coffee Maker Type"": ""Drip Coffee Machine"", ""Material"": ""Glass"", ""Style"": ""Programmable 8 cup"", ""Item Weight"": ""2.62 pounds"", ""Included Components"": ""Filter, Carafe"", ""Operation Mode"": ""Fully Automatic"", ""Wattage"": ""800 watts"", ""Number of Items"": ""1"", ""Human Interface Input"": ""Buttons"", ""Unit Count"": ""1.0 Count"", ""Manufacturer"": ""Aigostar"", ""Best Sellers Rank"": {""Home & Kitchen"": 96893, ""Coffee Machines"": 176}, ""Date First Available"": ""July 14, 2021""}",,,,,,8,True,False,False
cm-014,Holstein Housewares 5 Cup Coffee Maker,38.17,4.2,,,,,"Holstein Housewares 5 Cup Coffee Maker, Black/Metallic Red - User Friendly One-Touch Operation","START YOUR MORNING RIGHT: Holstein Housewares 5-Cup Coffee Maker is a staple in any kitchen. Auto pause and serve function lets you stop and serve your cup of coffee before the brewing cycle finishes. | COMES WITH EVERYTHING YOU NEED: Removable & washable cone filter basket and measuring spoon included. Automatic start, auto-pause and serve functions. Full view water window. Glass carafe with measurement marks. | GREAT ADDITION TO YOUR KITCHEN: Space-saving compact design takes up less of a footprint on your countertop. The black color with stainless steel detail will match any kitchen décor. | WHO WE ARE: Holstein Housewares strives to make cooking and entertaining easy by simplifying life in the kitchen. We develop a special blend of products so you can create endless recipes for all types of lifestyles, from healthy meals to guilty pleasures. | WARRANTY: Holstein Housewares offers a 1-year limited warranty to purchase worry-free. A user manual is included in the packaging (and available digitally) with easy instructions on how to use the product.","{""Brand"": ""Holstein Housewares"", ""Capacity"": ""5 Cups"", ""Color"": ""BLACK/METALLIC RED"", ""Product Dimensions"": ""9\""D x 9\""W x 9\""H"", ""Special Feature"": ""Coffee Maker"", ""Coffee Maker Type"": ""Drip Coffee Machine"", ""Material"": ""Stainless Steel, Glass, Plastic"", ""Filter Type"": ""Reusable"", ""Style"": ""Regualr"", ""Specific Uses For Product"": ""Personal"", ""Item Weight"": ""3.33 pounds"", ""Included Components"": ""Filter"", ""Wattage"": ""550 watts"", ""Model Name"": ""Holstein Housewares 5 Cup Coffee Maker, Black/Metallic Red"", ""Number of Items"": ""1"", ""Human Interface Input"": ""Touchscreen"", ""Manufacturer"": ""Holstein Housewares"", ""Country of Origin"": ""China"", ""Item model number"": ""H-0911501R-M"", ""Best Sellers Rank"": {""Home & Kitchen"": 20877, ""Coffee Machines"": 51}, ""Date First Available"": ""July 14, 2022""}",,,,,,5,False,False,False
cm-015,Taylor Swoden Programmable Drip Coffee Maker,39.99,4.2,,,,,"Taylor Swoden Programmable Coffee Maker, 4-12 Cups Drip Coffee Machine with Glass Carafe, Regular & Strong Brew, Pause & Serve for Home and Office","【Programmable Coffee Maker】Wake up to fresh coffee with programmable timer. Simply set up the brewing time in advance. Regular and Strong 2 brew strength options for choosing from. | 【Mess-free Serve Coffee Brewer】1.8L Large capacity can make 12 cups of fresh coffee for family or party. The pause and serve feature allows you to serve coffee during the brewing cycle by removing the carafe to pour a cup. | 【Cleaning Cycle Reminder】You can know when it’s time to clean the drip coffee maker by the flashing green light. | 【Keep Warm Carafe Plate】The nonstick carafe plate of the coffee machine keeps coffee warm for 40 minutes after brewing is complete. 2-hour auto switch off function added safety and used peace in mind. | 【Dual Function】The permanent filter works with your favorite coffee grounds and teas like Oolong tea, black tea, white tea. Not only a coffee pot, also can be a tea maker. Programmable coffee machine is easy to clean.","{""Brand"": ""Taylor Swoden"", ""Capacity"": ""60.87 Fluid Ounces"", ""Color"": ""Black"", ""Product Dimensions"": ""6.6\""D x 9.4\""W x 12\""H"", ""Special Feature"": ""Programmable, 2 brew strength, 2-hour auto switch off, Cleaning Cycle Reminder"", ""Coffee Maker Type"": ""Drip Coffee Machine"", ""Material"": ""Polypropylene"", ""Filter Type"": ""Reusable"", ""Style"": ""Modern"", ""Specific Uses For Product"": ""Coffee maker"", ""Included Components"": ""Filter, Carafe"", ""Operation Mode"": ""Fully Automatic"", ""Wattage"": ""950 watts"", ""Voltage"": ""120 Volts"", ""Number of Items"": ""1"", ""Human Interface Input"": ""Buttons"", ""Unit Count"": ""1.0 Count"", ""Item Weight"": ""4.84 pounds"", ""Manufacturer"": ""Taylor Swoden"", ""Country of Origin"": ""China"", ""Item model number"": ""Taylor Swoden-01"", ""Best Sellers Rank"": {""Home & Kitchen"": 4694, ""Coffee Machines"": 25}, ""Date First Available"": ""March 9, 2020""}",,,,,,12,True,False,True
cm-016,Oster BVSTDC05-053 5-Cup Coffee Maker,39.99,4.1,,,,,"Oster BVSTDC05-053 5-Cup Coffee Maker 220 Volts, Not for USA (European Cord)","Indicator light on and off lets you know if the coffee machine is on or off, which provides an important safety point | The removable basket facilitates its filling and cleaning | The serving pause function allows coffee to be served during the casting process | Includes washable permanent filter | 220 Volts, Not for USA (European Cord)","{""Brand"": ""Oster"", ""Capacity"": ""5 Cups"", ""Color"": ""Black"", ""Special Feature"": ""Programmable"", ""Material"": ""Plastic"", ""Filter Type"": ""Reusable"", ""Item Weight"": ""2.3 pounds"", ""Included Components"": ""Carafe"", ""Operation Mode"": ""Fully Automatic"", ""Wattage"": ""800 watts"", ""Voltage"": ""220 Volts"", ""Model Name"": ""BVSTDC05-053"", ""Number of Items"": ""1"", ""Human Interface Input"": ""Buttons"", ""Product Dimensions"": ""8 x 5 x 9 inches"", ""Manufacturer"": ""Oster"", ""Item model number"": ""BVSTDC05-053"", ""Best Sellers Rank"": {""Home & Kitchen"": 208196, ""Coffee Machines"": 306}, ""Date First Available"": ""July 8, 2021""}",,,,,,5,True,False,False
cm-017,Proctor Silex FrontFill 12 Cup Drip Coffee Maker,43.99,3.7,,,,,"Proctor Silex FrontFill Drip Coffee Maker, 12 Cup Glass Carafe, Black and Silver (43686)","25% faster brewing: get a hot, delicious cup of coffee faster. this 12 cup coffee maker brews 25% faster, to reduce your wait time. because it brews quickly at a high temperature, you can expect the optimal extraction of coffee's rich flavor. | easy to fill: the frontfill water reservoir and swing-open brew basket are designed to be easy to fill under cabinets, so it's simple to add water and coffee grounds to the drip coffee maker without moving it. | designed to last and work great: made of durable, high-quality materials, the coffee maker is designed for excellent performance to brew delicious coffee in your kitchen for years to come. it looks great too, with a timeless design that's always in style. | durable, scratch-resistant warming plate: the durable warming plate is made of military-grade anodized aluminum coating that's scratch-resistant, rust-resistant, and easy to wipe clean. | simple one-touch brew control with auto shutoff: the coffee maker is easy to turn on and off with the press of a button. and you don't have to worry about turning it off with 2 hour automatic shutoff. | than proctor silex model 43501ps.","{""Brand"": ""Proctor Silex"", ""Capacity"": ""12 Cups"", ""Color"": ""Black and Silver"", ""Product Dimensions"": ""10\""D x 14\""W x 15\""H"", ""Special Feature"": ""Manual"", ""Coffee Maker Type"": ""Drip Coffee Machine"", ""Material"": ""Aluminum, Glass"", ""Style"": ""Platinum Series 12 Cup"", ""Included Components"": ""FrontFill™ 12 Cup Coffee Maker"", ""Wattage"": ""1200 watts"", ""Model Name"": ""Proctor Silex FrontFill"", ""Number of Items"": ""1"", ""Human Interface Input"": ""Buttons"", ""Item Weight"": ""6.93 pounds"", ""Manufacturer"": ""Proctor Silex"", ""Country of Origin"": ""China"", ""Item model number"": ""43686"", ""Best Sellers Rank"": {""Home & Kitchen"": 130097, ""Coffee Machines"": 211}, ""Date First Available"": ""November 5, 2020""}",,,,,,12,False,False,False
cm-018,Ninja CE200 12 Cup Programmable Coffee Maker,44.99,4.3,,,,,"Ninja CE200 12 Cup Programmable Coffee Maker with 60 Ounce Reservoir and Thermal Flavor Extraction, Black (Renewed)","Permanent filter and measuring scoop are NOT included | CONSISTENTLY EXCELLENT COFFEE: 12-cup programmable coffee maker designed to deliver excellent-tasting coffee to you each and every time | 12-CUP CAPACITY: Has 12-cup capabilities and comes with a 60-ounce removable water reservoir that allows for less frequent filling | THERMAL FLAVOR EXTRACTION: Thermal Flavor Extraction feature lets you adjust 3 brew settings (classic, rich, small-batch) for the perfect cup every time | MID-BREW PAUSE: Adjustable heater plate and mid-brew pause feature allows you to have your coffee exactly when you want it | DELAY BREW FUNCTION: Delay brew function lets you program the brewer 24 hours in advance","{""Brand"": ""Ninja"", ""Capacity"": ""12 Cups"", ""Special Feature"": ""Programmable, Thermal"", ""Filter Type"": ""Reusable"", ""Specific Uses For Product"": ""Coffee maker"", ""Item Weight"": ""3.75 pounds"", ""Operation Mode"": ""Fully Automatic"", ""Number of Items"": ""1"", ""Human Interface Input"": ""Buttons"", ""Package Type"": ""Standard Packaging"", ""Manufacturer"": ""Ninja"", ""Best Sellers Rank"": {""Amazon Renewed"": 6358, ""Coffee Machines"": 611}, ""Date First Available"": ""September 23, 2019""}",,,,,,12,True,True,True
cm-019,Chefman 12-Cup Programmable Coffee Maker,45.86,4.2,,,,,"Chefman 12-Cup Programmable Coffee Maker, Electric Brewer, Auto Shut Off, Digital Display w/Auto-Brew Function, Anti-Drip Pot, Reusable Filter for Fresh Grounds, Square Stainless Steel, Glass Carafe","Note: 1)Too coarse a grind, too little coffee, or insufficiently tamping the grounds before brewing can all lead to inadequate pressure for a proper brew. 2)It is important to note that the amount of espresso extracted will vary depending on the grind size and amount and reprogramming may be needed when the size and amount are adjusted | BREW YOUR WAY: Cutting-edge technology ensures coffee brews exactly how you like it, when you like it. Program your Chefman Coffee Maker to begin brewing at a set time up to 24 hours in advance. Stainless steel finish and dishwasher-safe parts allow for easy cleanup and a beautiful look. | NO MESS NO STRESS: Anti-drip function makes it easy for drinking at home or on the go with no spills along the way. Dishwasher-safe parts make cleanup a breeze at any time of the day. | CONSCIOUS COFFEE: Included reusable coffee filter allows for easy set-up and clean-up. Enjoy the satisfaction of making a conscious choice by cutting out plastic coffee pods and single-use filters. | PAUSE and SERVE: Never wait for your coffee to finish brewing with the pause and serve function. Sip a steaming cup of your favorite coffee mess-free while the rest of your pot finishes brewing. | RESOURCES: cETL approved with advanced safety technology for long lasting durability, and 1-year assurance provided by Chefman, so you can purchase worry-free - we've got your back. For information on how to use your product, scroll down for a PDF User Guide. 1000 Watts/120 Volts – RJ14-12-SQ","{""Brand"": ""Chefman"", ""Color"": ""Stainless Steel"", ""Product Dimensions"": ""6.6\""D x 9.7\""W x 12.9\""H"", ""Special Feature"": ""Programmable"", ""Filter Type"": ""Reusable"", ""Style"": ""Square Stainless Steel"", ""Specific Uses For Product"": ""Coffee maker"", ""Included Components"": ""User Guide"", ""Operation Mode"": ""Fully Automatic"", ""Voltage"": ""120 Volts"", ""Model Name"": ""12-Cup Programmable Coffee Maker,"", ""Number of Items"": ""1"", ""Human Interface Input"": ""Buttons"", ""Package Type"": ""Standard Packaging"", ""Item Weight"": ""3.3 pounds"", ""Manufacturer"": ""Chefman"", ""Country of Origin"": ""China"", ""Item model number"": ""12-Cup Programmable Coffee Maker,"", ""Best Sellers Rank"": {""Home & Kitchen"": 72779, ""Coffee Machines"": 138}, ""Date First Available"": ""October 20, 2020"", ""Capacity 12 Cups"": """", """": ""Wattage 1000 watts"", ""Item Weight 3.3 Pounds"": """"}",,,,,,12,True,False,True
cm-020,Safeplus 12 Cup Programmable Drip Coffee Maker,46.99,4.2,,,,,"Safeplus 12 Cup Programmable Coffee Maker,LCD Display Drip Coffee Brewer, Coffee Machine with 1.8 litres Glass Carafe Capacity, Water Tank other Drinks Tea, kitchen, Office, Reception Room, Party","Efficient & Fully Programmable: Wake up to a hot cup of coffee with fully programmable functionality, programmable timer allows you to set brew time up to 24 hours in Advance.This 12-cup Coffee maker features a brew strength Selector that allows you to customize your Coffee to your specifications. | Easy to use & clean: This durably constructed Coffee maker features an easy to read backlit LCD display for anytime brewing day or night. Its special cleaning cycle allows it to keep Coffee at its optimum flavor and extend the life of the coffee maker. | Savor the quality: our premium quality coffee makers will brew you a rich, delicious pot of Java with quickness & Convenience, or just a single cup. Allows you to brew 2-12 cups before having to refill, saving you time and simplifying your morning routine.get fast & fresh brewed, delicious coffee in minutes | Enjoy Peacefull Coffee Time:The smart coffeemaker will not make a noise because of the special material, glass carafe and removable filter basket included, unlike metal carafe which may generate unbearable scratching noises as you push the filter down. | Safe & User Friendly Design - They feature compact, space-saving design, user-friendly controls & durable, easy to clean components. With ETL and UL certification you can use with confidence.","{""Brand"": ""Safeplus"", ""Capacity"": ""12 Cups"", ""Special Feature"": ""Programmable"", ""Coffee Maker Type"": ""Drip Coffee Machine"", ""Material"": ""Polypropylene, Stainless Steel, Glass"", ""Item Weight"": ""4 pounds"", ""Wattage"": ""900 watts"", ""Voltage"": ""120 Volts"", ""Number of Items"": ""1"", ""Human Interface Input"": ""Buttons"", ""Manufacturer"": ""Safeplus"", ""Best Sellers Rank"": {""Home & Kitchen"": 1804600, ""Coffee Machines"": 1656}, ""Date First Available"": ""March 17, 2020""}",,,,,,12,True,False,True
cm-021,Capresso SG220 Coffee Maker,47.44,4.1,,,,,"Capresso 427.05 Coffee Maker, Stainless Steel","COMPACT DESIGN: Large, 12-cup glass carafe in a compact footprint | GOLDTONE FILTER: Eliminates the need for messy paper filters and is easy to clean | PROGRAMMABLE: Set the machine to automatically brew at your programmed time | KEEP WARM: Hot plate stays on for 2 hours and then automatically turns off | DRIP STOP: Pour a cup while brewing","{""Brand"": ""Capresso"", ""Capacity"": ""12 Cups"", ""Color"": ""Stainless Steel"", ""Special Feature"": ""Programmable"", ""Material"": ""Plastic"", ""Item Weight"": ""4 pounds"", ""Included Components"": ""Coffee Maker^Carafe^Filter Basket^Gold Tone Filter"", ""Operation Mode"": ""Fully Automatic"", ""Wattage"": ""950 watts"", ""Voltage"": ""110 Volts"", ""Model Name"": ""SG220"", ""Number of Items"": ""1"", ""Human Interface Input"": ""Buttons"", ""Package Type"": ""Standard Packaging"", ""Unit Count"": ""1.0 Count"", ""Product Dimensions"": ""8.75 x 12.25 x 6.75 inches"", ""Manufacturer"": ""Capresso"", ""Item model number"": ""427.05"", ""Best Sellers Rank"": {""Home & Kitchen"": 1007114, ""Coffee Machines"": 996}, ""Is Discontinued By Manufacturer"": ""No"", ""Date First Available"": ""August 10, 2016""}",,,,,,12,True,False,True
cm-022,Koolatron Total Chef 12-Cup Programmable Coffee Maker,47.94,4.0,,,,,"Koolatron Total Chef 12-Cup Programmable Coffee Maker, Stainless Steel Drip Coffee Machine with Glass Carafe and Reusable Basket Filter, Black and Silver","12 Cup Capacity in a Compact Design: Maximize your counter space with this slim profile coffeemaker with a generous 12 cup (1.8 L) capacity; Dimensions 7 in x 10.8 in x 12.8 in | One-Touch Operation and Pause and Pour: Brew a fresh, hot pot of coffee with the push of a button and serve yourself a cup any time during the brewing process with the 30-second pause and pour feature | Programmable Convenience: Simple controls and a clear digital display let you program your brew cycle up to 12 hours in advance so you can wake up to a pot of fresh brewed coffee; non-stick warming plate keeps it hot for up to 2 hours | Reusable Basket Filter: 12-cup coffee maker comes with an environmentally friendly washable mesh filter to replace single-use paper filters so you can save money and never worry about running out | Quick and Easy Cleanup: Glass carafe and reusable filter are dishwasher safe and the non-stick warming plate and elegant black and stainless steel housing easily wipe clean","{""Brand"": ""Koolatron"", ""Capacity"": ""12 Cups"", ""Color"": ""Stainless Steel"", ""Product Dimensions"": ""12\""D x 10\""W x 7\""H"", ""Special Feature"": ""Programmable"", ""Coffee Maker Type"": ""Drip Coffee Machine"", ""Material"": ""Stainless Steel"", ""Filter Type"": ""Reusable"", ""Style"": ""Modern"", ""Specific Uses For Product"": ""Coffee Machine"", ""Recommended Uses For Product"": ""Indoors"", ""Item Weight"": ""3.2 pounds"", ""Included Components"": ""Digital Coffee maker 12 cup"", ""Wattage"": ""900 watts"", ""Voltage"": ""120 Volts"", ""Model Name"": ""Digital Coffee maker 12 cup"", ""Number of Items"": ""1"", ""Human Interface Input"": ""Buttons"", ""Package Type"": ""Standard Packaging"", ""Manufacturer"": ""Koolatron"", ""Country of Origin"": ""China"", ""Item model number"": ""TCCM06 AZ"", ""Best Sellers Rank"": {""Home & Kitchen"": 1835940, ""Coffee Machines"": 1681}, ""Date First Available"": ""January 12, 2021""}",,,,,,12,True,False,False
cm-025,Jerdon CM430WD 4-Cup Coffee Maker,49.99,3.0,,,,,"Jerdon CM430WD 4-Cup Automatic Shut-Off Coffee Maker, Black Finish",Hotel Room Cofffee Maker | 4 cup drip coffee maker | black coffee maker | personal coffee maker,"{""Capacity 4 Cups"": """", """": ""Human Interface Input Buttons"", ""Wattage 950 watts"": """", ""Brand"": ""JERDON"", ""Color"": ""Black"", ""Special Feature"": ""Manual"", ""Coffee Maker Type"": ""Drip Coffee Machine"", ""Included Components"": ""Coffee maker, 4 cup carafe"", ""Is Discontinued By Manufacturer"": ""No"", ""Product Dimensions"": ""8 x 5.85 x 8.75 inches; 2.8 Pounds"", ""Item model number"": ""CM430WD"", ""Date First Available"": ""July 31, 2008"", ""Manufacturer"": ""Jerdon""}",,,,,,4,False,False,False
cm-026,Yabano Programmable Coffee Maker 12 Cup,49.99,4.1,,,,,"Programmable Coffee Maker, 12 Cups Coffee Pot with Timer and Glass Carafe, Brew Strength Control, Keep Warming, Mid-Brew Pause, Coffee Machine with Permanent Coffee Filter Basket, Anti-Drip System","PROGRAMMABLE COFFEE MAKER - Easily program the 24-hour auto brew feature by 3 steps, and You can wake up to the smell of coffee in the morning! Super easy to use and clean. And compact size design can save your counter space | 12 CUPS COFFEE MACHINE - Coffee machine with 60oz water reservoir, can brew cup 12 cups coffee at a time. Suitable for family daily use and entertaining guests | KEEP WARM - Built in keep warming pad, can keep coffee hot for 2 hours after brewing is finished, and will automatically shut off after 2 hours | Strength control - Press “THICK” button on the machine to get kicks up your coffee’s strength and intensity | PAUSE MID-BREW - Coffee maker is able to be paused mid-brew, allow you to pour a cup before brewing ends without making a mess","{""Brand"": ""Yabano"", ""Capacity"": ""1.8 Liters"", ""Color"": ""Drip Cofee machine"", ""Product Dimensions"": ""6.6\""D x 8.6\""W x 14\""H"", ""Special Feature"": ""Programmable"", ""Material"": ""Plastic"", ""Filter Type"": ""Reusable"", ""Style"": ""Modern"", ""Specific Uses For Product"": ""Coffee maker"", ""Item Weight"": ""4.7 pounds"", ""Included Components"": ""Filter, Carafe"", ""Operation Mode"": ""Fully Automatic"", ""Wattage"": ""800 watts"", ""Voltage"": ""110 Volts"", ""Model Name"": ""CM6816"", ""Number of Items"": ""1"", ""Human Interface Input"": ""Buttons"", ""Package Type"": ""Standard Packaging"", ""Country of Origin"": ""China"", ""Item model number"": ""CM6816"", ""Best Sellers Rank"": {""Home & Kitchen"": 141421, ""Coffee Machines"": 232}, ""Date First Available"": ""December 19, 2019""}",,,,,,12,True,False,True
cm-027,HESASDG 10-Cup Drip Coffee Maker,52.99,4.0,,,,,"HESASDG 10-Cup Coffee Maker: Drip Coffee Maker with Programmable Timer, Brew Strength Control, Coffee Pot, Permanent Filter, Smart Anti-Drip System, Automatic Stainless Steel Coffee Machine,Black…","【Programmable anytime brewing】:The coffee maker can be programmed to brew at any time of the day. Touch control for easy operation. | 【Customizable Brewing Strength】:The brew strength setting in the coffee maker makes it simple and intuitive to choose between regular or espresso coffee. | 【Smart Anti-Drip System】: The water window on the side allows visibility when filling water to avoid overflow. Make sure the water in the reservoir does not exceed the 10-cup line. | 【Easy to clean】:The permanent filter is removable and reusable, saving money and protecting the environment, as well as being easy to clean. Paper filter can still be used as you prefer. | 【Keep Warm for 2 Hours】：The keep warm function automatically kicks on after brewing and automatically shuts off after 2 hours.","{""Brand"": ""HESASDG"", ""Product Dimensions"": ""7.87\""D x 6.69\""W x 12.4\""H"", ""Special Feature"": ""Permanent Filter, Programmable"", ""Coffee Maker Type"": ""Drip Coffee Machine"", ""Included Components"": ""Filter, Carafe"", ""Operation Mode"": ""Fully Automatic"", ""Number of Items"": ""1"", ""Human Interface Input"": ""Buttons"", ""Item Weight"": ""5.24 pounds"", ""Best Sellers Rank"": {""Home & Kitchen"": 1168426, ""Coffee Machines"": 1114}, ""Date First Available"": ""March 3, 2022"", ""Capacity 10 Cups"": """", """": ""Voltage 120 Volts"", ""Wattage 900 watts"": """"}",,,,,,10,True,False,True
cm-028,Kognita 12 Cup Programmable Coffee Maker,54.99,4.0,,,,,"12 Cup Coffee Maker, Programmable Coffee Machine & Ice Tea Maker with Glass Carafe, Drip Coffee Maker Coffee Pot, Auto Keep Warm, Anti-Drip, Strength Control, Stainless Steel Small Coffe Maker, 900W Quick Brew, Kognita","24 Hours Programmable Coffee Maker: Program your coffee up to 24 hours in advance. Featuring the LCD screen and buttons, it is easy and intuitive for you to choose start time and strength settings, this coffee machine can automatically start brewing coffee at a specified time with no noise, ensuring that a fresh hot coffee is available as soon as you wake up in the morning. It will be a wonderful thing to wake you up with the strong coffee smell. | 12 Cup Coffee Maker : 2-12 Cups coffee maker perfect for an individual and group use. Glass coffee pot has measurement markings for accurate filling and an easy-grip handle for comfortable pouring. Visualized water window allows you to precisely control the water. Permanent coffee filter and coffee spoon are included, which also allows you to save up filter papers. Removable filter basket and carafe can be washed in the dishwasher. | Keep Warm Function: This coffee maker will keep coffee hot for 2 hours with its warming plate that automatically shuts down after 2 hours. The Hot-Plate holding temperature at 175°-185°F within two hours. Auto shut-off system offers greater protection and safety. Audible ready signal lets you know when your coffee is ready. | Anti Drip Coffee Maker: The 30s anti drip function on this coffee machine allows you to enjoy a cup of coffee no need to wait until the whole pot has finished brewing. You can enjoy your coffee anytime.60oz visual water tank is suitable for family daily use or entertaining guests or party. | Fast Brew Perfect Coffee: 6-Hole Outlet Sprayer pulses water at 196°-205°F over your coffee, which ensures even extraction and smooth flavor. Kognita coffee machine with different brew strength settings allows you to brew a cup that's as strong or mild as you prefer. Serve the delicious coffee for family or friends. You can enjoy your leisure time, relaxing with freshly brewed coffee. The compact travel size design also perfect for hotel or office equipment or carrying out for short trip.","{""Brand"": ""kognita"", ""Capacity"": ""12 Cups"", ""Product Dimensions"": ""7.1\""D x 10.3\""W x 13.2\""H"", ""Special Feature"": ""Programmable"", ""Coffee Maker Type"": ""Drip Coffee Machine"", ""Filter Type"": ""Reusable"", ""Included Components"": ""Filter, Carafe"", ""Operation Mode"": ""Fully Automatic"", ""Wattage"": ""900 watts"", ""Number of Items"": ""1"", ""Human Interface Input"": ""Buttons"", ""Item Weight"": ""4.66 pounds"", ""Best Sellers Rank"": {""Home & Kitchen"": 600629, ""Coffee Machines"": 656}, ""Date First Available"": ""November 30, 2021""}",,,,,,12,True,False,True
cm-029,Krups Simply Brew Stainless Steel Drip Coffee Maker,57.29,4.3,,,,,"Krups Simply Brew Stainless Steel Drip Coffee Maker 10 Cup 900 Watts Coffee Filter, Drip Free, Dishwasher Safe Pot Silver and Black","Large capacity: With a generous brewing capacity of 10 cups, our coffee maker is the perfect choice for a household of coffee aficionados. enjoy more of the coffee you love | Pause & Brew system: Our innovative Pause & Brew system lets you sneak in a cup mid-brew, without any spills or interruptions. Coffee on demand, just the way you like it! | Keep warm function: Automatically activated post-brew, maintaining the perfect coffee temperature for up to 2 hours - your coffee stays hot and ready to serve | Effortless brewing: Equipped with a reusable coffee filter for less waste, a measuring spoon, a no-drip carafe, and an easy on/off button. Enjoy an uncomplicated coffee experience every day. | Easy to clean: Made with materials that are easy to wipe down, the carafe is dishwasher safe for an easy clean up","{""Brand"": ""KRUPS"", ""Capacity"": ""1.5 Liters"", ""Color"": ""Silver"", ""Product Dimensions"": ""6.65\""D x 8.27\""W x 12.83\""H"", ""Special Feature"": ""Water Tank Window, Easy Brewing, Permanent Filter"", ""Coffee Maker Type"": ""Drip Coffee Machine"", ""Material"": ""Stainless Steel, Plastic"", ""Filter Type"": ""Reusable"", ""Style"": ""Simply Brew"", ""Item Weight"": ""4.06 pounds"", ""Included Components"": ""Permanent Coffee Filter, Measuring Spoon"", ""Operation Mode"": ""Manual"", ""Wattage"": ""900 watts"", ""Voltage"": ""120 Volts (AC)"", ""Model Name"": ""Simply Brew"", ""Number of Items"": ""1"", ""Human Interface Input"": ""Buttons"", ""Package Type"": ""Standard Packaging"", ""Manufacturer"": ""KRUPS"", ""Country of Origin"": ""China"", ""Item model number"": ""10942227434"", ""Best Sellers Rank"": {""Home & Kitchen"": 3975, ""Coffee Machines"": 17}, ""Date First Available"": ""December 3, 2020""}",,,,,,10,False,True,False
cm-030,GE Drip Coffee Maker 12-Cup,59.21,4.1,,,,,GE Drip Coffee Maker With Timer | 12-Cup Glass Carafe Coffee Pot With Warming Plate | Adjustable Brew Strength | Wide Shower Head for Maximum Flavor | Kitchen Essentials | Stainless Steel,"24-HOUR PROGRAMMABLE AUTO BREW - Brew Wake up to hot, freshly brewed coffee thanks to a 24-hour Auto Brew feature on this programmable drip coffee maker | ADJUSTABLE BREW STRENGTH - Choose between Regular or Bold brew options to customize the brew for your taste preference. | WIDE SHOWER HEAD - The shower head disperses water evenly over the packed coffee, extracting maximum flavor | NON-STICK CARAFE - Keep coffee warm long after you make it with a non-stick hot plate. | 1500 WATTS - With 1500 watts of power, this coffee maker brews at the optimal temperature in a short amount of time. | PAUSE BREW - Pour and enjoy a cup of coffee before brewing cycle has finished with no dripping or mess | REUSABLE & DISHWASHER SAFE COFFEE FILTER - GoldTone reusable filters are made of durable, dishwasher safe plastic that is easy to clean and lasts long. Also works with standard #4 coffee filters","{""Brand"": ""GE"", ""Color"": ""Stainless Steel"", ""Product Dimensions"": ""9.8\""D x 12.3\""W x 14.8\""H"", ""Special Feature"": ""Programmable"", ""Coffee Maker Type"": ""Drip Coffee Machine"", ""Filter Type"": ""Reusable"", ""Style"": ""Glass Carafe"", ""Specific Uses For Product"": ""Coffee maker"", ""Included Components"": ""Coffee Maker and Pot"", ""Operation Mode"": ""Fully Automatic"", ""Voltage"": ""120"", ""Model Name"": ""GE Drip Coffee Maker with 12-Cup Glass Carafe"", ""Number of Items"": ""1"", ""Human Interface Input"": ""Buttons"", ""Package Type"": ""Standard Packaging"", ""Item Weight"": ""10 pounds"", ""Manufacturer"": ""GE"", ""Country of Origin"": ""China"", ""Item model number"": ""G7CDAASSPSS"", ""Best Sellers Rank"": {""Home & Kitchen"": 220422, ""Coffee Machines"": 313}, ""Date First Available"": ""November 19, 2020"", ""Capacity 3.8 Pounds"": """", """": ""Wattage 1500 watts"", ""Item Weight 10 Pounds"": """"}",,,,,,12,True,False,True
cm-031,Cuisinart CBC-7000PCFR 14 Cup Programmable Coffee Maker,59.99,4.5,,,,,Cuisinart CBC-7000PCFR 14 Cup Programmable Coffee Maker (Renewed),14 Cup Capacity | 1–4 cup setting | Heating plate keeps carafe warm for up to 4 hours. | Fully Automatic with 24-hour programmability. | Time to clean alert lights up when it’s time to decalcify the coffeemaker.,"{""Brand"": ""Cuisinart"", ""Color"": ""Stainless Steel"", ""Product Dimensions"": ""15.2\""D x 33.4\""W x 33.5\""H"", ""Special Feature"": ""Programmable"", ""Model Name"": ""CBC-7000PCFR"", ""Number of Items"": ""1"", ""Item Weight"": ""7.04 pounds"", ""Item model number"": ""CBC-7000PCFR"", ""Best Sellers Rank"": {""Amazon Renewed"": 778, ""Coffee Machines"": 195}, ""Date First Available"": ""January 12, 2022"", ""Capacity 14 Cups"": """", """": ""Human Interface Input Buttons""}",,,,,,14,True,False,True
cm-035,Korex Smart Drip Coffee Maker,60.99,3.2,,,,,"Korex Smart Coffee Maker, 1.5L Drip Filter Coffee Machine Easy Programmable Connectivity with APP Alexa Glass Carafe Reusable Filter Anti-Drip Function Boil-Dry Protection 900W","Smartphone connection: power up the coffee machine and download the SMART LIFE APP to your smartphone on Apple Store or Google Play. Connect to WIFI easily when the indicator light quickly flashes by long pressing the “Prog” button. If the connection gets lost in an outage, WIFI automatically returns once power is restored. | 10~12 CUPS CAPACITY: 1.5L glass carafe with ergonomic handle. Mess-free serving: the glass carafe is designed with a drip-free pour spout, so every drop makes it into your mug. | SMART AUTOMATIC MACHINE: operate your coffee maker via smartphone, voice commands, or manually. Create daily and weekly schedules via SMART LIFE APP to make and enjoy your coffee throughout the day. | Use Alexa or Google Assistant to turn the coffee maker on and off and check and change brew strengths to Regular or Strong mode. With an LCD and control panel, you can also have a hands-on experience if you like. | HIGH-QUALITY : the coffee maker arrives with a glass carafe, a washable and reusable filter and a measuring spoon. It is reinforced with a crack-resistant hot plate base for lasting use.","{""Brand"": ""Korex"", ""Capacity"": ""12 Cups"", ""Product Dimensions"": ""8.07\""D x 6.5\""W x 12.8\""H"", ""Special Feature"": ""Programmable"", ""Coffee Maker Type"": ""Drip Coffee Machine"", ""Material"": ""Glass"", ""Filter Type"": ""Reusable"", ""Included Components"": ""Filter, Carafe"", ""Operation Mode"": ""Fully Automatic"", ""Wattage"": ""900 watts"", ""Number of Items"": ""1"", ""Human Interface Input"": ""Buttons"", ""Item Weight"": ""5.53 pounds"", ""Best Sellers Rank"": {""Home & Kitchen"": 372492, ""Coffee Machines"": 460}, ""Date First Available"": ""September 10, 2021""}",,,,,,12,True,False,True
cm-037,N\W 14 Cup Programmable Touchscreen Coffee Maker,65.66,3.6,,,,,"NW 14 Cup Programmable Touchscreen Coffee Maker, Sage Green","Our signature touch-activated display illuminates only when you need it. No dials, buttons or knobs. | Made with long-lasting steel accents with a Soft Matte Premium finish. | Dishwasher-safe, borosilicate glass carafe is durability-tested with no-drip, perfect-pour spout. | Brew smaller batches with full-bodied, 10-cup taste using the 1-4 cup feature. | Convenient Keep Warm mode heats coffee for up to 4 hours after brewing.","{""Brand"": ""N\\W"", ""Color"": ""White"", ""Special Feature"": ""Programmable"", ""Number of Items"": ""1"", ""Package Dimensions"": ""14.76 x 8.54 x 7.28 inches"", ""Item Weight"": ""4.87 pounds"", ""Country of Origin"": ""China"", ""Best Sellers Rank"": {""Home & Kitchen"": 1050829, ""Coffee Machines"": 1034}, ""Date First Available"": ""May 3, 2022"", ""Capacity 14 Cups"": """", """": ""Human Interface Input Touchscreen, Buttons"", ""Wattage 800 watts"": """"}",,,,,,14,True,False,False
cm-038,AIRMSEN 12 Cup Programmable Drip Coffee Maker,68.25,4.2,,,,,"AIRMSEN 12 Cup Programmable Coffee Maker, Automatic Coffee Machine with Glass Coffee Pot, Personalised Christmas Gifts for Men/Women, Drip Coffee Maker, 4 Hours Warm-Keeping & Reusable Coffee Filter","🎁Gifts For Any Occasions :It's on Christmas Day, Valentine's Day, Mother's day, Father's Day, Anniversary, Thanksgiving, Secret Santa Gifts for Men & Women, this is a practical and stylish gifts for men & women ideal gift. | 【24-Hour Programmability - Fully Automatic】: AIRMSEN coffee maker comes with a programming feature that allows you to set the brew time 24 hours in advance, so that when you wake up in the morning, enjoy the hot coffee immediately, saving you time in the morning. Brew strength control feature that you can select bold or regualer coffee flavor, meet your different style. | 【Keep Your Coffee Fresh and Flavorful】: The Hot Preservation function keep your coffee hot all the day for coffee lover.You can enjoy a hot cup of coffee whenever you want.Plus you can use the adjustable heating plate (three temperature levels) to keep your coffee fresh and flavorful for up to 4 hours. | 【Advanced Brewing Technology】: AIRMSEN coffee machine contain enlarged nozzles that evenly disperse the water and soak through the coffee grounds for optimal extraction, producing exceptionally delicious coffee. Classic or rich, brew strength control lets you choose your favorite coffee flavor. | 【Keep Coffee Maker Clean】: The cleaning cycle reminder and automatic cleaning function ensure that impurities in the coffee maker are cleaned regularly, ensuring the longevity of the coffee maker and the flavor of the coffee. All of the coffee maker's BPA-free plastic parts and glass coffee pot are dishwasher safe. | 【12-Cup Large Capacity】: The glass coffee pot with a capacity of 60 fluid ounces allows you to brew a large amount of coffee up to 12 cups. Choose the number of coffees according (2,4,6,8,10,12) on your needs . With the built-in smart anti-drip feature, you can be sure that your coffee maker and kitchen countertops stay clean and tidy.","{""Brand"": ""AIRMSEN"", ""Capacity"": ""12000 Milliliters"", ""Color"": ""Coffee Maker"", ""Product Dimensions"": ""10.39\""D x 9.76\""W x 15.74\""H"", ""Special Feature"": ""Automatic Shut-Off, Programmable"", ""Coffee Maker Type"": ""Drip Coffee Machine"", ""Material"": ""Stainless Steel, Glass"", ""Filter Type"": ""Reusable"", ""Specific Uses For Product"": ""12 Cup Programmable Drip Coffee, Christmas Gifts, Gifts For Any Occasions"", ""Recommended Uses For Product"": ""Home Office Use"", ""Human Interface Input"": ""Buttons"", ""Item Weight"": ""6.29 pounds"", ""Item model number"": ""CM1705BATE"", ""Best Sellers Rank"": {""Home & Kitchen"": 1271610, ""Coffee Machines"": 1214}, ""Date First Available"": ""September 15, 2022""}",,,,,,12,True,False,True
cm-039,Hamilton Beach 12 Cup Drip Coffee Maker,69.48,4.1,,,,,"Hamilton Beach (48465) Coffee Maker with 12 Cup Capacity & Internal Storage Coffee Pot, Brewstation, Black & Stainless & Hamilton Beach Permanent Gold Tone Filter, (80675R/80675)",Enclosed brewing system with internal heater keeps coffee hot and fresh for up to 4 hours | Maintains fresh brewed flavor; Programmable for wake up coffee | Brews up to 12 cups like a traditional drip coffee maker | FITS MOST COFFEE MAKERS: Use in coffee makers that use basket-style filters (8 to 12 cup electric coffee makers). Does not work in coffee makers that use #4 style cone shaped filters. | REDUCES WASTE: Permanent gold tone filter replaces cupcake basket-style paper filters. | EASY TO CLEAN: The filter is dishwasher safe or can be easily rinsed in the sink.,"{""Brand"": ""Hamilton Beach"", ""Capacity"": ""12 Cups, 8 Cups"", ""Color"": ""Black & Stainless/Gold Tone Filter"", ""Special Feature"": ""Programmable, Thermal"", ""Coffee Maker Type"": ""Drip Coffee Machine"", ""Included Components"": ""Filter"", ""Operation Mode"": ""Fully Automatic"", ""Best Sellers Rank"": {""Home & Kitchen"": 1256662, ""Coffee Machines"": 1209}, ""Date First Available"": ""February 19, 2020""}",,,,,,12,True,True,False
cm-040,Hamilton Beach Programmable Thermal Coffee Maker,69.99,4.2,,,,,"Hamilton Beach Programmable Coffee Maker with 10 Cup Thermal Carafe, 3 Brewing Options, Auto Shutoff & Pause and Pour, Stainless Steel (46899R)","COFFEE STAYS HOT FOR HOURS: The double-wall thermal carafe holds in heat longer and you'll enjoy easy pouring with the thumb-activated lid. To pour a cup, simply press down on the lid's pouring lever to open the spout — no need to twist open the lid first. | FRESH FLAVOR IN EVERY CUP. This thermal carafe coffee maker needs no hot plate, which can alter coffee's fresh-brewed taste after brewing and scorch its flavor. Since your coffee tastes better longer, you can take your time savoring each cup. | CONE FILTER BASKET FOR OPTIMAL EXTRACTION: The cone brew basket is easy to fill and provides optimal extraction for great-tasting coffee. Includes a starter kit of #4 cone filters. | COFFEE THE WAY YOU LIKE IT. Customize coffee your way with regular, bold and robust brew strength options. With 3 brewing options to choose from, everyone has control over the taste of their coffee. | WAKE-UP READY COFFEE. Easy-Touch programming makes it easy to set brewing in advance on this programmable coffee maker — you'll wake up to piping hot coffee every morning. For worry-free use, it has immediate auto shutoff when it finishes brewing.","{""Brand"": ""Hamilton Beach"", ""Color"": ""Stainless Steel, New for 2023"", ""Product Dimensions"": ""11.26\""D x 8.21\""W x 14.61\""H"", ""Special Feature"": ""Programmable"", ""Coffee Maker Type"": ""Drip Coffee Machine"", ""Filter Type"": ""Reusable"", ""Included Components"": ""Carafe"", ""Operation Mode"": ""Fully Automatic"", ""Voltage"": ""110"", ""Model Name"": ""Hamilton Beach Programmable Coffee Maker with 10 Cup"", ""Number of Items"": ""1"", ""Human Interface Input"": ""Buttons"", ""Item Weight"": ""6.15 pounds"", ""Manufacturer"": ""Hamilton Beach"", ""Country of Origin"": ""China"", ""Item model number"": ""46899R"", ""Best Sellers Rank"": {""Home & Kitchen"": 116081, ""Coffee Machines"": 216}, ""Date First Available"": ""March 1, 2023"", ""Capacity 50 Fluid Ounces"": """", """": ""Wattage 1025 watts"", ""Item Weight 6.15 Pounds"": """"}",,,,,,10,True,True,True
cm-041,Capresso 424.01 12-Cup Drip Coffeemaker,69.99,4.1,,,,,"Capresso 424.01 12-Cup Drip Coffeemaker Stainless, 13"" x 7.25"" x 10""",CAPACITY: 12-cup glass carafe | GOLDTONE FILTER: Eliminates the need for messy paper filters and is easy to clean | PROGRAMMABLE: Set the machine to automatically brew at your programmed time | KEEP WARM: Hot plate stays on for 2 hours and then automatically turns off | DRIP STOP: Pour a cup while brewing,"{""Brand"": ""Capresso"", ""Capacity"": ""4 Cups"", ""Color"": ""Stainless"", ""Product Dimensions"": ""13\""D x 7.25\""W x 10\""H"", ""Special Feature"": ""Manual"", ""Material"": ""Stainless Steel"", ""Filter Type"": ""Paper"", ""Item Weight"": ""4 pounds"", ""Included Components"": ""Carafe"", ""Operation Mode"": ""Fully Automatic"", ""Wattage"": ""950 watts"", ""Voltage"": ""110 Volts"", ""Model Name"": ""424.01"", ""Number of Items"": ""1"", ""Human Interface Input"": ""Buttons"", ""Package Type"": ""Standard Packaging"", ""Unit Count"": ""1.0 Count"", ""Manufacturer"": ""Capresso"", ""Item model number"": ""424.01"", ""Best Sellers Rank"": {""Home & Kitchen"": 1385106, ""Coffee Machines"": 1299}, ""Is Discontinued By Manufacturer"": ""No"", ""Date First Available"": ""November 16, 2013""}",,,,,,12,True,False,False
cm-042,Mr. Coffee 12 Cup Programmable Digital Coffee Maker,73.99,4.3,,,,,"Mr. Coffee 31160393 Easy Measure 12 Cup Programmable Digital Coffee Maker Machine with Built In Water Filtration and Measuring Scoop, Silver","BETTER TASTING COFFEE: Enjoy better tasting coffee from this coffee maker with water filtration system that reduces calcium and chlorine using activated carbon and ion exchange filtering | EASY TO USE: Color-coded measuring system helps you add the right amount of coffee grounds and water; Brew coffee when you want it: brew right now or schedule a time to brew; 4-hour freshness indicator helps you know when your coffee is fresh and when it isn't anymore | 12 CUP CAPACITY: Makes up to a 12-cup pot of coffee with a grab-a-cup pause setting that lets you pause brewing to pour; Brew basket holds 25-percent more grounds than other 12-cup coffee makers | EASY MAINTENANCE: Shuts off automatically after 4 hours to conserve power; Features automatic cleaning cycle that keeps water fresh | INCLUDES: coffee machine, scoop, reusable filter basket, carafe, and water reservoir; Dimensions (L x W x H): 11.3 x 9.4 x 14.6 inches; Weight: 6.7 pounds","{""Brand"": ""Maxam"", ""Color"": ""Silver"", ""Product Dimensions"": ""11.3\""D x 9.4\""W x 14.6\""H"", ""Special Feature"": ""Programmable, Thermal"", ""Filter Type"": ""Reusable"", ""Specific Uses For Product"": ""Coffee maker"", ""Included Components"": ""Filter, Carafe"", ""Operation Mode"": ""Fully Automatic"", ""Number of Items"": ""1"", ""Package Type"": ""Standard Packaging"", ""Item Weight"": ""6.24 pounds"", ""Manufacturer"": ""Mr. Coffee"", ""Item model number"": ""BVMC-RF300"", ""Best Sellers Rank"": {""Home & Kitchen"": 265743, ""Coffee Machines"": 385}, ""Date First Available"": ""October 3, 2019"", ""Capacity 12 Cups"": """", """": ""Human Interface Input Buttons""}",,,,,,12,True,True,False
cm-043,Capresso SG300 12 Cup Coffee Maker,79.99,3.8,,,,,"Capresso 434.05 12 Cup Coffee Maker SG300, Stainless Steel",CAPACITY: 12-cup glass carafe | GOLDTONE FILTER: Eliminates the need for messy paper filters and is easy to clean | PROGRAMMABLE: Set the machine to automatically brew at your programmed time | KEEP WARM: Hot plate stays on for 2 hours and then automatically turns off | WATER FILTER: Removes up to 82% of chlorine and other impurities with charcoal water filtration,"{""Brand"": ""Capresso"", ""Capacity"": ""12 Cups"", ""Color"": ""Stainless Steel"", ""Special Feature"": ""Programmable"", ""Coffee Maker Type"": ""Drip Coffee Machine"", ""Material"": ""Stainless Steel"", ""Style"": ""Glass Carafe"", ""Item Weight"": ""5 pounds"", ""Included Components"": ""Coffee Maker^Gold Tone Filer^Water Filter^Water Filter Holder^Carafe^Carafe Lid"", ""Wattage"": ""950 watts"", ""Voltage"": ""110 Volts"", ""Model Name"": ""Stainless Steel"", ""Number of Items"": ""1"", ""Package Type"": ""Standard Packaging"", ""Product Dimensions"": ""9 x 6.75 x 13.5 inches"", ""Manufacturer"": ""Capresso"", ""Country of Origin"": ""China"", ""Item model number"": ""434.05"", ""Best Sellers Rank"": {""Home & Kitchen"": 284165, ""Coffee Machines"": 368}, ""Is Discontinued By Manufacturer"": ""No"", ""Date First Available"": ""January 6, 2017""}",,,,,,12,True,False,False
cm-044,Cuisinart DCC-1400 Brew Central 10-Cup,79.99,4.0,,,,,"Cuisinart DCC-1400 Brew Central 10-Cup Thermal Coffee Maker, Silver (Renewed)","10-cup thermal carafe keeps coffee warmer longer | Decalcification indicator that lights up when coffee maker needs to be cleaned | Brew Pause feature lets you pour a cup mid-brew | Includes charcoal water filter, gold tone coffee filter, measuring scoop and brush | Audible tone sounds when brewing cycle is complete","{""Brand"": ""Cuisinart"", ""Capacity"": ""10 Cups"", ""Color"": ""Silver"", ""Product Dimensions"": ""9\""D x 10\""W x 15\""H"", ""Special Feature"": ""Water Filter"", ""Material"": ""Stainless Steel"", ""Filter Type"": ""Reusable"", ""Included Components"": ""Thermal carafe, Coffemaker"", ""Operation Mode"": ""Fully Automatic"", ""Wattage"": ""1400 watts"", ""Model Name"": ""DCC-1400 Brew Central 10-Cup Thermal Coffee Maker"", ""Number of Items"": ""1"", ""Human Interface Input"": ""Buttons"", ""Package Type"": ""Frustration-Free Packaging"", ""Item Weight"": ""9.63 pounds"", ""Manufacturer"": ""Cuisinart"", ""Best Sellers Rank"": {""Amazon Renewed"": 2971, ""Coffee Machines"": 405}, ""Is Discontinued By Manufacturer"": ""No"", ""Date First Available"": ""July 2, 2020""}",,,,,,10,False,True,False
cm-046,Mr. Coffee 12 Cup Programmable Thermal Carafe,82.0,4.1,,,,,"Mr. Coffee 12 Cup Programmable Coffee Maker with Thermal Carafe Option, Chrome","Water filtration helps remove up to 97 percent of chlorine for better tasting coffee | Delay Brew feature lets you brew ahead of time, so you can wake up to fresh brewed coffee | Freshness Timer keeps track of coffee freshness from the time it's brewed | Brew Strength Selector pumps up a stronger flavor if you like a bolder taste | 2 Hour Shut Off automatically powers coffee maker down so you don't have to","{""Brand"": ""Mr. Coffee"", ""Capacity"": ""12 Cubic Centimeters"", ""Color"": ""Chrome"", ""Product Dimensions"": ""9.09\""D x 11.06\""W x 14.41\""H"", ""Special Feature"": ""Permanent Filter, Programmable, Thermal"", ""Coffee Maker Type"": ""Drip Coffee Machine"", ""Material"": ""Stainless Steel"", ""Filter Type"": ""Reusable"", ""Style"": ""Modern"", ""Specific Uses For Product"": ""Coffee maker"", ""Item Weight"": ""4 pounds"", ""Included Components"": ""Carafe"", ""Operation Mode"": ""Fully Automatic"", ""Wattage"": ""1200 watts"", ""Number of Items"": ""1"", ""Human Interface Input"": ""Buttons"", ""Package Type"": ""Standard Packaging"", ""Unit Count"": ""1.0 Count"", ""Manufacturer"": ""Mr. Coffee"", ""Item model number"": ""BVMC-SJX33GT-AM"", ""Best Sellers Rank"": {""Home & Kitchen"": 184514, ""Coffee Machines"": 270}, ""Is Discontinued By Manufacturer"": ""No"", ""Date First Available"": ""May 7, 2010""}",,,,,,12,True,True,True
cm-047,Calphalon 14-Cup Programmable Coffee Maker,88.36,4.1,,,,,"Calphalon Coffee Maker, Programmable Coffee Machine with Glass Carafe, 14 Cups, Stainless Steel","TEMPERATURE PERFECTED: Combines high-performance heater that quickly heats water to the precise brewing temperature (between 195 and 205 degrees F), with a dual-insulated heating tube that maintains the optimal temperature throughtout the entire brewing cycle for the best coffee flavor | EVEN WATER DISTRIBUTION: Enlarged showerhead uniformly disperses water and saturates coffee grounds for optimal flavor extraction | CUSTOMIZE YOUR BREW: For stronger, bolder coffee, use the Strong Brew option for coffee that suits your tastes; to brew a smaller batch, choose the 1-4 cup option | EXPERTLY CRAFTED WARMING PLATE: Control warming plate temperature with low, medium, or high heat settings; durable, corrosion-resistant aluminum construction heats carafe evenly and keeps coffee maker looking like new for years to come | FULLY PROGRAMMABLE: Program brewing ahead of time with Brew Later feature, and choose when your machine turns off with Auto-Off Timer Selector","{""Brand"": ""Calphalon"", ""Capacity"": ""14 Cups"", ""Color"": ""Stainless Steel"", ""Product Dimensions"": ""9.69\""D x 11.57\""W x 13.32\""H"", ""Special Feature"": ""Programmable, Timer"", ""Coffee Maker Type"": ""Drip Coffee Machine"", ""Material"": ""Aluminum, Stainless Steel"", ""Filter Type"": ""Reusable"", ""Style"": ""Modern"", ""Specific Uses For Product"": ""Coffee maker"", ""Item Weight"": ""4.8 pounds"", ""Exterior Finish"": ""Stainless, Glass"", ""Included Components"": ""Brewer, Carafe"", ""Operation Mode"": ""Fully Automatic"", ""Wattage"": ""1050 watts"", ""Voltage"": ""110"", ""Model Name"": ""Automatic Drip Coffee Maker"", ""Number of Items"": ""1"", ""Human Interface Input"": ""Buttons"", ""Package Type"": ""Standard Packaging"", ""Manufacturer"": ""Calphalon"", ""Country of Origin"": ""China"", ""Item model number"": ""2120896"", ""Best Sellers Rank"": {""Home & Kitchen"": 145520, ""Coffee Machines"": 227}, ""Date First Available"": ""November 15, 2020""}",,,,,,14,True,False,True
cm-048,Hamilton Beach 12 Cup Programmable Thermal Drip,89.85,4.0,,,,,"Hamilton Beach 12 Cup Programmable Front-Fill Drip Coffee Maker with Thermal Carafe, Auto Shutoff, 3 Brew Options, Black and Stainless Steel (46391)","KEEPS COFFEE HOT & FRESH LONGER. The vacuum-sealed thermal carafe keeps coffee hot and fresh longer. Simply rinse the carafe with hot water right before brewing, which warms up the stainless steel to help coffee hold its temperature. | FRONT-FILL DESIGN. Makes it easier to fill the water reservoir and helps reduce messy drips on your counter. | EXTRA-LARGE 12 CUP THERMAL CARAFE WITH DRIP-FREE POURING. Enjoy cup after cup of hot, fresh-tasting coffee without messy drips. | IMMEDIATE AUTO SHUTOFF: The thermal coffee maker automatically turns off right after brewing, which provides peace of mind and increases energy efficiency. | 3 BREW OPTIONS & PROGRAMMABLE TIMER. This thermal coffee maker has bold, regular and 1-4 cup brewing options to let you tailor coffee to your preference. The programmable timer lets you set wake-up-ready coffee in advance.","{""Brand"": ""Hamilton Beach"", ""Color"": ""Thermal Carafe, Black and Stainless"", ""Product Dimensions"": ""8.2\""D x 11.9\""W x 14.4\""H"", ""Special Feature"": ""Programmable"", ""Coffee Maker Type"": ""Drip Coffee Machine"", ""Filter Type"": ""Paper"", ""Style"": ""Thermal Carafe"", ""Specific Uses For Product"": ""Coffee Maker"", ""Included Components"": ""Coffee Maker"", ""Operation Mode"": ""Fully Automatic"", ""Voltage"": ""110"", ""Model Name"": ""Hamilton Beach 12 Cup Programmable Front-Fill"", ""Number of Items"": ""1"", ""Human Interface Input"": ""Buttons"", ""Item Weight"": ""0.01 ounces"", ""Manufacturer"": ""Hamilton Beach"", ""Country of Origin"": ""China"", ""Item model number"": ""46391"", ""Best Sellers Rank"": {""Home & Kitchen"": 97075, ""Coffee Machines"": 170}, ""Date First Available"": ""July 14, 2019"", ""Capacity 60 Fluid Ounces"": """", """": ""Wattage 1025 watts"", ""Item Weight 0.01 Ounces"": """"}",,,,,,12,True,True,True
cm-050,Braun KF520 CafeHouse Coffee Maker,99.95,4.0,,,,,Braun KF520 / 1 CafeHouse coffee maker white,"OptiBrewSystem Optimal relationship of temperature, brewing time and extraction for perfect coffee taste. | Braun PureAqua water filtration system Improves coffee flavour by significantly reducing chlorine for purest coffee taste. | Unique open anti-slip handle For easy and convenient pouring. | Exclusive filter release button. | 220/240 Volt 50Hz power requirement (NOT FOR USE IN USA)","{""Brand"": ""Braun"", ""Capacity"": ""1.3 Liters"", ""Color"": ""White"", ""Special Feature"": ""Manual"", ""Coffee Maker Type"": ""Drip Coffee Machine"", ""Material"": ""Plastic"", ""Filter Type"": ""Reusable"", ""Item Weight"": ""4 pounds"", ""Included Components"": ""coffee maker"", ""Wattage"": ""1100 watts"", ""Voltage"": ""230 Volts"", ""Model Name"": ""KF520"", ""Human Interface Input"": ""Buttons"", ""Package Type"": ""Standard Packaging"", ""Product Dimensions"": ""22 x 8 x 16 inches"", ""Manufacturer"": ""Braun"", ""Item model number"": ""KF520/1"", ""Best Sellers Rank"": {""Home & Kitchen"": 4624190, ""Coffee Machines"": 3441}, ""Is Discontinued By Manufacturer"": ""No"", ""Date First Available"": ""December 17, 2010""}",,,,,,5,False,False,False
cm-052,Melitta Aroma Tocco Thermal Drip,99.99,3.8,,,,,Melitta Aroma Tocco Thermal Drip| Programmable Coffee Machine | 8 Cup Coffee Maker with Thermal Carafe | Glass Touch Control Panel,"WAKE UP TO THE FRESH SMELL OF COFFEE | Melitta Aroma Tocco Thermal Drip Coffee Maker is a programmable coffee machine especially designed to make your coffee work before you do. Thanks to its programmable brew timer built with a large LCD Glass Touch Control Panel, it can easily brew up to 8 cups in its thermal carafe coffee pot as you get up in the mornings. | BREW YOUR PERFECT COFFEE CUP | With the combined True Aroma Control and Optimal Temperature Brew developed by coffee experts of Melitta, brew your perfect coffee cup every single time. Make your mornings easier and coffee set up simpler. Detect and select your preferred coffee strength and optimal brewing temperature with this programmable coffee machine. | KEEP YOUR COFFEE HOT | Never microwave or reheat your coffee ever again. The Aroma Tocco Thermal Drip Coffee Maker keeps your coffee warmed and ready for you to enjoy your perfect coffee cup. Its double-walled stainless steel coffee pot traps heat and flavor inside the thermal carafe for 2 hours. Melitta’s latest programmable coffee machine keeps your coffee warm for you to enjoy your delicious drip coffee. | EASY TO CLEAN | Minimal washing is required to keep this coffee maker in top shape. This drip coffee maker is built with simple and easily detachable parts. Both the carafe lid and cone shape filter basket are top rack dishwasher safe. Spend more time enjoying your perfect coffee cup and less cleaning up. A simple rinse of the thermal carafe interior with mild detergent will keep it clean. Tocco is designed to be space savvy and look great on your kitchen counter too. | The best moments happen over coffee, we want your coffee to flow like life’s moments. We offer a one-year warranty to always keep things brewing, just contact our customer service and we’ll do the work for you. For us, your satisfaction comes first.","{""Brand"": ""Melitta"", ""Capacity"": ""8 Cups"", ""Product Dimensions"": ""8.36\""D x 6.84\""W x 13.26\""H"", ""Special Feature"": ""Thermal, Programmable"", ""Coffee Maker Type"": ""Drip Coffee Machine"", ""Material"": ""Stainless Steel, Glass"", ""Filter Type"": ""Reusable"", ""Style"": ""Modern"", ""Included Components"": ""Filter, Carafe"", ""Operation Mode"": ""Fully Automatic"", ""Wattage"": ""1000 watts"", ""Number of Items"": ""1"", ""Human Interface Input"": ""Touchscreen"", ""Item Weight"": ""6.07 pounds"", ""Country of Origin"": ""China"", ""Best Sellers Rank"": {""Home & Kitchen"": 140230, ""Coffee Machines"": 230}, ""Date First Available"": ""February 20, 2022""}",,,,,,8,True,True,True
cm-054,Cuisinart Grind & Brew Thermal 10-Cup,117.99,3.9,,,,,Cuisinart Grind & Brew Thermal 10-Cup Automatic Coffee Maker (Renewed),"AUTOMATIC: Automatically grinds whole beans before brewing | PROGRAMMABLE: Wake up to the delicious aroma of coffee with the 24-hour fully programmable function | CARAFE: Double wall insulated thermal carafe | FILTER: Built-in water filter that removes chlorine, bad tastes and odors for the purest flavor, every time you brew","{""Brand"": ""Cuisinart"", ""Capacity"": ""10 Cups"", ""Color"": ""Black/Stainless"", ""Product Dimensions"": ""9.8\""D x 12\""W x 16.7\""H"", ""Special Feature"": ""Coffee Grinder, Permanent Filter, Programmable, Thermal"", ""Material"": ""Stainless Steel"", ""Filter Type"": ""Reusable"", ""Item Weight"": ""0.01 ounces"", ""Included Components"": ""Filter, Carafe"", ""Operation Mode"": ""Fully Automatic"", ""Number of Items"": ""1"", ""Human Interface Input"": ""Buttons"", ""Manufacturer"": ""Cuisinart"", ""Item model number"": ""DGB650BCFR-CR"", ""Best Sellers Rank"": {""Amazon Renewed"": 4980, ""Coffee Machines"": 530}, ""Is Discontinued By Manufacturer"": ""No"", ""Date First Available"": ""December 13, 2018""}",,,,,,10,True,True,False
cm-057,KRUPS FME414 Programmable Coffee Maker,126.18,3.3,,,,,"KRUPS FME414 Programmable Coffee Maker with Glass Carafe and LED Control panel, 12-Cup, Black and Stainless Steel","1100-watt, double-walled stainless-steel coffee maker with 60-ounce water reservoir | 12-cup vacuum glass carafe; soft-eject filter holder; LED control panel; programmable timer | 1- to 3-cup flavor setting; pause-and-serve function for pouring a cup midbrew; brewing-complete signal | Built-in water filtration system; de-scaling indicator; adjustable-time heating plate keeps coffee warm | 1-year warranty","{""Brand"": ""KRUPS"", ""Capacity"": ""3 Cups"", ""Color"": ""Silver"", ""Special Feature"": ""Programmable"", ""Material"": ""Stainless Steel"", ""Filter Type"": ""Reusable"", ""Item Weight"": ""4.78 pounds"", ""Included Components"": ""Filter, Carafe"", ""Operation Mode"": ""Fully Automatic"", ""Wattage"": ""1100 watts"", ""Model Name"": ""FME4"", ""Number of Items"": ""1"", ""Human Interface Input"": ""Buttons"", ""Product Dimensions"": ""15 x 11 x 9 inches"", ""Manufacturer"": ""KRUPS"", ""Item model number"": ""FME414"", ""Best Sellers Rank"": {""Home & Kitchen"": 3406752, ""Coffee Machines"": 2729}, ""Is Discontinued By Manufacturer"": ""No"", ""Date First Available"": ""May 5, 2003""}",,,,,,12,True,True,True
cm-058,KitchenAid KCMB1204BOB 12-Cup Coffee Maker,129.87,4.2,,,,,KitchenAid KCMB1204BOB 12-Cup Coffee Maker with One Touch Brewing with Black Thermal Sleeve - Onyx Black,"Insulated carafe sleeve keeps coffee hotter, longer | Simple Operation and 24 Hour Programmability | Variable Brew Strength Selector to choose between regular and bold strengths while giving you a full-bodied cup every time | Small Batch Brew Mode | Pause and Pour stops the brew cycle, allowing you to pour a cup of coffee before brewing is complete","{""Brand"": ""KitchenAid"", ""Color"": ""Onyx Black"", ""Special Feature"": ""Thermal"", ""Style"": ""with black thermal sleeve"", ""Included Components"": ""Coffee Maker, Glass Carafe, Water Filter, Thermal Sleeve"", ""Operation Mode"": ""Fully Automatic"", ""Number of Items"": ""1"", ""Package Type"": ""Frustration-Free Packaging"", ""Product Dimensions"": ""9.1 x 11.7 x 15.2 inches"", ""Item Weight"": ""7 pounds"", ""Manufacturer"": ""KitchenAid"", ""Item model number"": ""KCMB1204BOB"", ""Best Sellers Rank"": {""Home & Kitchen"": 384127, ""Coffee Machines"": 492}, ""Date First Available"": ""October 1, 2016"", ""Capacity 12 Cups"": """", """": ""Human Interface Input Touchscreen"", ""Item Weight 7 Pounds"": """"}",,,,,,12,True,True,True
cm-061,BUNN Heat N Brew Programmable Coffee Maker,139.98,4.3,,,,,"BUNN Heat N Brew Programmable Coffee Maker, 10 cup, Stainless Steel","Note: 1)Too coarse a grind, too little coffee, or insufficiently tamping the grounds before brewing can all lead to inadequate pressure for a proper brew. 2)It is important to note that the amount of espresso extracted will vary depending on the grind size and amount and reprogramming may be needed when the size and amount are adjusted | Digital clock with programmable brew start time for Coffee that s ready when you are Each morning | Brews 10 perfect cups in about 10 minutes when not using the programmable start feature | Auto warmer plate turns on during brewing and off after 2 hours | Exclusive shatter-resistant drip-free carafe delivers the cleanest pour on the market | 3-Year backed by BUNN customer service in Springfield, IL","{""Product Dimensions"": ""9.7 x 8.7 x 16.3 inches"", ""Item Weight"": ""0.01 ounces"", ""Manufacturer"": ""BUNN"", ""Country of Origin"": ""China"", ""Item model number"": ""HB"", ""Best Sellers Rank"": {""Home & Kitchen"": 79633, ""Coffee Machines"": 144}, ""Is Discontinued By Manufacturer"": ""No"", ""Date First Available"": ""November 6, 2016""}",,,,,,10,True,False,False
cm-064,BUNN CSB3TD Speed Brew High Altitude Coffee Maker,159.99,4.5,,,,,"BUNN CSB3TD Speed Brew High Altitude Coffee Maker, 10 Cup, Stainless Steel","Note: 1)Too coarse a grind, too little coffee, or insufficiently tamping the grounds before brewing can all lead to inadequate pressure for a proper brew. 2)It is important to note that the amount of espresso extracted will vary depending on the grind size and amount and reprogramming may be needed when the size and amount are adjusted | Designed for exclusive use in high altitude locations above 4, 000 feet. Cord length : 40 Inches | Commercial grade Stainless Steel hot water tank | Brews one large travel mug (20oz) to a full pot (50oz) | Double wall, vacuum Insulated thermal carafe keeps Coffee warm for 2+ hour | Unique sprayhead for optimal Coffee extraction and flavor | Brews a full pot of Coffee in less than half the time of other top-selling home coffee makers | Included components: Coffee Maker, Carafe","{""Brand"": ""BUNN"", ""Capacity"": ""50 Fluid Ounces"", ""Color"": ""Stainless Steel"", ""Product Dimensions"": ""8.3\""D x 13.7\""W x 14.9\""H"", ""Special Feature"": ""Manual"", ""Material"": ""Stainless Steel"", ""Filter Type"": ""Reusable"", ""Style"": ""High Altitude"", ""Specific Uses For Product"": ""Coffee maker"", ""Included Components"": ""Coffee Maker, Carafe"", ""Wattage"": ""900 watts"", ""Model Name"": ""Speed Brew"", ""Number of Items"": ""2"", ""Package Type"": ""Standard Packaging"", ""Unit Count"": ""1.0 Count"", ""Item Weight"": ""10.38 pounds"", ""Manufacturer"": ""BUNN"", ""Country of Origin"": ""China"", ""Item model number"": ""CSB3TD"", ""Best Sellers Rank"": {""Home & Kitchen"": 30010, ""Coffee Machines"": 65}, ""Date First Available"": ""January 18, 2019""}",,,,,,10,False,True,False
cm-065,KRUPS FMF5 Programmable Coffee Maker,168.0,3.1,,,,,"KRUPS FMF5 Programmable Coffee Maker with Double Wall Thermal Carafe and LED control panel, 10-Cup, Black",Fully programmable 1100-watt coffeemaker brews up to 10 cups | LCD display; clock/timer; 1- to 3-cup aroma switch maximizes flavor | Thermal stainless-steel vacuum carafe with no-drip spout for graceful serving | 60-ounce water reservoir; built-in water filter; electronic de-scaling indicator | Measures 10-1/2 by 8-1/2 by 13-3/4; 1-year warranty,"{""Brand"": ""KRUPS"", ""Capacity"": ""3 Cups, 10 Cups"", ""Color"": ""Stainless-steel"", ""Special Feature"": ""Programmable, Thermal"", ""Material"": ""Stainless Steel"", ""Filter Type"": ""Reusable"", ""Item Weight"": ""6.25 pounds"", ""Included Components"": ""Filter, Carafe"", ""Operation Mode"": ""Fully Automatic"", ""Wattage"": ""1100 watts"", ""Model Name"": ""FMF5"", ""Number of Items"": ""1"", ""Human Interface Input"": ""Buttons"", ""Product Dimensions"": ""10.5 x 8.5 x 13.75 inches"", ""Manufacturer"": ""KRUPS"", ""Item model number"": ""FMF5"", ""Best Sellers Rank"": {""Home & Kitchen"": 3469939, ""Coffee Machines"": 2758}, ""Is Discontinued By Manufacturer"": ""No"", ""Date First Available"": ""May 5, 2003""}",,,,,,10,True,True,True
cm-066,KRUPS FMF5 Programmable Coffee Maker,177.51,3.1,,,,,"KRUPS FMF5 Programmable Coffee Maker with Double Wall Thermal Carafe and LED control panel, 10-Cup, Black",Fully programmable 1100-watt coffeemaker brews up to 10 cups | LCD display; clock/timer; 1- to 3-cup aroma switch maximizes flavor | Thermal stainless-steel vacuum carafe with no-drip spout for graceful serving | 60-ounce water reservoir; built-in water filter; electronic de-scaling indicator | Measures 10-1/2 by 8-1/2 by 13-3/4; 1-year warranty,"{""Brand"": ""KRUPS"", ""Capacity"": ""3 Cups, 10 Cups"", ""Color"": ""Stainless-steel"", ""Special Feature"": ""Programmable, Thermal"", ""Material"": ""Stainless Steel"", ""Item Weight"": ""6.25 pounds"", ""Included Components"": ""Filter, Carafe"", ""Operation Mode"": ""Fully Automatic"", ""Wattage"": ""1100 watts"", ""Model Name"": ""FMF5"", ""Number of Items"": ""1"", ""Human Interface Input"": ""Buttons"", ""Product Dimensions"": ""10.5 x 8.5 x 13.75 inches"", ""Manufacturer"": ""KRUPS"", ""Item model number"": ""FMF5"", ""Best Sellers Rank"": {""Home & Kitchen"": 3314738, ""Coffee Machines"": 2655}, ""Is Discontinued By Manufacturer"": ""No"", ""Date First Available"": ""May 5, 2003""}",,,,,,10,True,True,True
cm-069,OXO Brew 8 Cup Coffee Maker,188.99,4.2,,,,,"OXO Brew 8 Cup Coffee Maker, Stainless Steel","Gold-standard coffee certified by the Specialty Coffee Association (SCA). Brew by the cup or the carafe. | Single-serve capability with optional brew basket accessory optimizes flavor | BetterBrew precision controls water temperature and brew cycles; meeting the Specialty Coffee Association's Golden Cup standard | Rainmaker shower head evenly distributes water over grounds | Double-wall, vacuum-insulated thermal carafe with brew-through, pour-through carafe lid | Removable well cover elevates short mugs or makes room for tall mugs | Features convenient cleaning mode | Sized to fit under cabinets | Includes 10 paper coffee filters and a coffee scoop","{""Brand"": ""OXO"", ""Color"": ""Black, Stainless Steel"", ""Product Dimensions"": ""10.5\""D x 13.5\""W x 7\""H"", ""Special Feature"": ""Thermal,Auto Clean Function"", ""Coffee Maker Type"": ""Vacuum Coffee Pot"", ""Filter Type"": ""Paper"", ""Style"": ""Casual"", ""Specific Uses For Product"": ""Coffee"", ""Included Components"": ""Base, Carafe, 2 Baskets, Coffee Scoop, Rainmaker"", ""Operation Mode"": ""Manual"", ""Voltage"": ""120 Volts"", ""Model Name"": ""OXO"", ""Number of Items"": ""1"", ""Human Interface Input"": ""Buttons"", ""Package Type"": ""Standard Packaging"", ""Item Weight"": ""10.28 pounds"", ""Manufacturer"": ""OXO"", ""Item model number"": ""8718800"", ""Best Sellers Rank"": {""Home & Kitchen"": 14323, ""Coffee Machines"": 45}, ""Date First Available"": ""August 8, 2018"", ""Capacity 40 Fluid Ounces"": """", """": ""Wattage 1400 watts"", ""Item Weight 10.29 Pounds"": """"}",,,,,,8,False,True,False
cm-070,Cuisinart Brew Cent 12 Cup,191.99,4.6,,,,,Brew Cent 12 Cup Coffee Maker,Brushed stainless steel finish | Charcoal filter purifies water | Programmable | Brew-pause function | Gold tone permanent filter,"{""Brand"": ""Cuisinart"", ""Capacity"": ""12 Cups"", ""Color"": ""Stainless Steel"", ""Special Feature"": ""Permanent Filter, Programmable"", ""Material"": ""Stainless Steel"", ""Filter Type"": ""Reusable"", ""Item Weight"": ""8 pounds"", ""Wattage"": ""950 watts"", ""Number of Items"": ""1"", ""Human Interface Input"": ""Buttons"", ""Package Type"": ""Standard Packaging"", ""Product Dimensions"": ""9.8 x 11 x 16.3 inches"", ""Manufacturer"": ""Cuisinart"", ""Item model number"": ""DCC-1200C"", ""Best Sellers Rank"": {""Home & Kitchen"": 2371258, ""Coffee Machines"": 2087}, ""Is Discontinued By Manufacturer"": ""No"", ""Date First Available"": ""March 18, 2004""}",,,,,,12,True,False,False
cm-075,OXO Brew 9 Cup Stainless Steel Coffee Maker,224.99,4.2,,,,,"OXO Brew 9 Cup Stainless Steel Coffee Maker,Silver, Black","BetterBrew Precision Brewing controls water temperature and optimizes brew cycles for rich, flavorful coffee – whether you’re making two cups or a full pot | Fully programmable and easy to use, a single dial lets you choose cups, program the time and set the automatic wake-up timer | Temperature-controlled brewing keeps the water between 197.6–204.8°F /92-96°C – the ideal range for drip coffee | Rainmaker shower head evenly disperses water over coffee grounds for better flavor extraction | Internal mixing tube ensures your last sip is as delicious as your first | Voltage is 120V/60Hz | Pause and pour feature lets you grab a quick cup before brewing is complete | Double-wall stainless steel thermal carafe keeps coffee piping hot; freshness timer shows freshness at a glance | Certified by the SCA (Specialty Coffee Association) for gold-standard home brewing","{""Brand"": ""OXO"", ""Capacity"": ""45 Fluid Ounces"", ""Color"": ""Silver, Black"", ""Product Dimensions"": ""8.3\""D x 15\""W x 17.2\""H"", ""Special Feature"": ""Jug, Programmable, Thermal, Timer""}",,,,,,9,True,True,False
cm-076,SMEG 1950's Retro Style Drip Coffee Maker,229.95,3.7,,,,,SMEG 1950's Retro Style Coffee Maker Machine (Cream),"Brew: this drip coffee maker is equipped with a glass carafe allowing you to brew up to 10 cups of coffee at once | Auto Start: this useful function allows you to program your coffee machine to start brewing at any given time | Keep Warm Function: can keep your coffee warm for up to 20 minutes after you brew | User-Friendly Control Panel: includes digital clock, LED Display, and a number of unique functions accessible with a simple click of a button | Filters: can be used with both permanent filters provided with the machine as well as paper filters","{""Brand"": ""Smeg"", ""Capacity"": ""10 Cups"", ""Color"": ""Cream"", ""Special Feature"": ""Permanent Filter, Programmable"", ""Coffee Maker Type"": ""Drip Coffee Machine"", ""Material"": ""Stainless Steel"", ""Style"": ""50's Retro Style"", ""Included Components"": ""Filter, Carafe"", ""Operation Mode"": ""Fully Automatic"", ""Wattage"": ""1050 watts"", ""Human Interface Input"": ""Buttons"", ""Product Dimensions"": ""9.65 x 10.1 x 14.22 inches"", ""Item Weight"": ""12.47 pounds"", ""Manufacturer"": ""SMEG"", ""Item model number"": ""DCF02CRUS"", ""Best Sellers Rank"": {""Home & Kitchen"": 1908575, ""Coffee Machines"": 1749}, ""Is Discontinued By Manufacturer"": ""No"", ""Date First Available"": ""July 5, 2018""}",,,,,,10,True,False,True
cm-077,Café Specialty Drip Coffee Maker,244.99,4.2,,,,,"Café Specialty Drip Coffee Maker | 10-Cup Insulated Thermal Carafe | WiFi Enabled Voice-to-Brew Technology | Smart Home Kitchen Essentials | SCA Certified, Barista-Quality Brew | Stainless Steel","SCA CERTIFIED - Experience a barista-quality cup of coffee right from your own counter with this stylish, SCA Certified coffee maker that has been rigorously tested to ensure your coffee is consistently delicious.Note: 1)Too coarse a grind, too little coffee, or insufficiently tamping the grounds before brewing can all lead to inadequate pressure for a proper brew. 2)It is important to note that the amount of espresso extracted will vary depending on the grind size and amount and reprogramming may be needed when the size and amount are adjusted.Filter Basket : compatible with Coffee Filters | WIFI ENABLED - Adorn your kitchen with this beautifully designed smart coffee maker that can be controlled with the SmartHQ app, Alexa, and Google Home. Voice-to-Brew controls deliver a conveniently connected perfect cup, every time | 12 CUP BREW - Whether your brewing 1 cup or a whole pot, you can customize every cup to your personal taste with this advanced, 10-cup coffee maker that stores your favorite settings for number of cups, temperature and brew strength | CUSTOM BREW STRENGTH - Enjoy the perfect, balanced cup of coffee exactly the way you like it courtesy of four unique brewing modes: Gold, Light, Medium and Bold. The Gold Cup standard backed by its SCA certification ensures that you have the ideal pour for every taste and roast | AUTO BREW - Mornings just got easier . When you use the auto brew feature, you can wake up to fresh, hot, perfectly personalized coffee that is ready just when you programmed it to be","{""Brand"": ""Café"", ""Capacity"": ""2.8 Pounds"", ""Color"": ""Stainless Steel"", ""Product Dimensions"": ""7.3\""D x 12.5\""W x 14\""H"", ""Special Feature"": ""SCA Certified, Programmable 24 Hour Timer, WiFi Enabled, Adjustable Brew Strength, Precision Temperature ControlSCA Certified, Programmable 24 Hour Timer, WiFi Enabled, Adjustable Brew Strength, Precision Temperature Control  See more"", ""Coffee Maker Type"": ""Drip Coffee Machine"", ""Material"": ""Stainless Steel"", ""Filter Type"": ""Reusable"", ""Style"": ""Thermal Carafe"", ""Specific Uses For Product"": ""Coffee maker"", ""Item Weight"": ""10 pounds"", ""Included Components"": ""Coffee Maker, Filter Basket, Water Filter, Coffee Scoop, Insulated Thermal Carafe"", ""Voltage"": ""120 Volts"", ""Model Name"": ""Café Specialty Drip Coffee Maker with Insulated Thermal Carafe"", ""Number of Items"": ""1"", ""Human Interface Input"": ""Buttons"", ""Manufacturer"": ""Café"", ""Item model number"": ""C7CDAAS2PS3"", ""Best Sellers Rank"": {""Home & Kitchen"": 39641, ""Coffee Machines"": 86}, ""Date First Available"": ""May 28, 2021""}",,,,,,10,True,True,True
cm-078,Technivorm Moccamaster 10-Cup Coffee Brewer,339.0,4.3,,,,,Technivorm Moccamaster 10-Cup 40oz Coffee Brewer Handmade Coffee Maker - KBT741 - Stone Gray,"Simple to operate and quiet brewing process that brews a full carafe in just 4 to 6 minutes / Unique, copper boiling element rapidly heats water to control brewing temperature between 196º to 205º F which is important for coffee soluble extraction, then automatically switches off when the water reservoir is empty | Ideal water saturation time to maximize coffee complexity, flavor and aroma – Achieved through a cone shape brew-basket design that regulates a 6 minute steep / Made with durable metal housings and BPA/BPS/BPF & Phthalate free plastics , Pre-immersion drip-style system ensures the perfect coffee bloom, produced by an ultra–precise, natural pulse action | Manual drip-stop brew-basket with stainless steel thermal carafe / Exclusive copper heating element shuts off automatically after brew cycle is complete | Brews full or 1/2 carafe in 4-6 minutes / Brews at consistent 196 degree-205 degree f with a pulse action that allows for the perfect coffee bloom during extraction process | ECBC, SCAA, SCAE approved / 5 year warranty (valid only when purchased from an authorized reseller)","{""Brand"": ""Technivorm Moccamaster"", ""Capacity"": ""10 Cups"", ""Color"": ""Stone Gray"", ""Special Feature"": ""Thermal"", ""Coffee Maker Type"": ""Drip Coffee Machine"", ""Material"": ""Stainless Steel"", ""Filter Type"": ""Paper"", ""Style"": ""Classic"", ""Specific Uses For Product"": ""Home"", ""Included Components"": ""Carafe"", ""Operation Mode"": ""Fully Automatic"", ""Wattage"": ""800 watts"", ""Number of Items"": ""1"", ""Human Interface Input"": ""Buttons"", ""Product Dimensions"": ""6.25 x 11 x 15 inches"", ""Item Weight"": ""12 pounds"", ""Manufacturer"": ""Technivorm"", ""Country of Origin"": ""Netherlands"", ""Best Sellers Rank"": {""Home & Kitchen"": 529014, ""Coffee Machines"": 591}, ""Date First Available"": ""October 15, 2019""}",,,,,,10,False,True,False
cm-079,Technivorm Moccamaster 10-Cup Coffee Brewer KBT741,339.0,4.3,,,,,Technivorm Moccamaster 10-Cup 40oz Coffee Brewer Handmade Coffee Maker - KBT741 - Polished Silver,"Simple to operate and quiet brewing process that brews a full carafe in just 4 to 6 minutes / Unique, copper boiling element rapidly heats water to control brewing temperature between 196º to 205º F which is important for coffee soluble extraction, then automatically switches off when the water reservoir is empty | Ideal water saturation time to maximize coffee complexity, flavor and aroma – Achieved through a cone shape brew-basket design that regulates a 6 minute steep / Made with durable metal housings and BPA/BPS/BPF & Phthalate free plastics , Pre-immersion drip-style system ensures the perfect coffee bloom, produced by an ultra–precise, natural pulse action | Manual drip-stop brew-basket with stainless steel thermal carafe / Exclusive copper heating element shuts off automatically after brew cycle is complete | Brews full or 1/2 carafe in 4-6 minutes / Brews at consistent 196 degree-205 degree f with a pulse action that allows for the perfect coffee bloom during extraction process | ECBC, SCAA, SCAE approved / 5 year warranty (valid only when purchased from an authorized reseller)","{""Brand"": ""Technivorm Moccamaster"", ""Capacity"": ""10 Cups"", ""Color"": ""Silver"", ""Special Feature"": ""Thermal"", ""Coffee Maker Type"": ""Drip Coffee Machine""}",,,,,,10,False,True,False
cm-080,Technivorm Moccamaster KBGV Select,359.0,4.7,,,,,"Moccamaster 53949 KBGV Select Coffee Maker, Stone Grey, 40 ounce, 10-Cup, 1.25L","Note: 1)Too coarse a grind, too little coffee, or insufficiently tamping the grounds before brewing can all lead to inadequate pressure for a proper brew. 2)It is important to note that the amount of espresso extracted will vary depending on the grind size and amount and reprogramming may be needed when the size and amount are adjusted | Perfect Coffee Every Time: This pump-free coffee maker heats water to the correct temperature for coffee extraction | Brew-Volume Selector switch for brewing half or full carafes | Easy to Use: The Moccamaster brews a full 40 oz pot of coffee in 4-6 minutes using one switch | Quiet and Safe: The Moccamaster Select quietly brews your coffee and automatically turns off after 100 minutes","{""Brand"": ""Technivorm Moccamaster"", ""Capacity"": ""40 Fluid Ounces"", ""Color"": ""Stone Gray"", ""Product Dimensions"": ""6.5\""D x 12.75\""W x 14\""H"", ""Special Feature"": ""Manual"", ""Coffee Maker Type"": ""Drip Coffee Machine"", ""Material"": ""Glass, Metal, Copper"", ""Filter Type"": ""Paper"", ""Style"": ""Coffee Maker"", ""Specific Uses For Product"": ""Coffee maker"", ""Item Weight"": ""6.25 pounds"", ""Included Components"": ""Coffee Maker, Carafe"", ""Operation Mode"": ""Fully Automatic"", ""Wattage"": ""1475 watts"", ""Voltage"": ""120"", ""Model Name"": ""KBGV Select"", ""Number of Items"": ""1"", ""Human Interface Input"": ""Buttons"", ""Package Type"": ""Frustration Free Packaging"", ""Unit Count"": ""1.0 Count"", ""Manufacturer"": ""Technivorm Moccamaster"", ""Country of Origin"": ""Netherlands"", ""Item model number"": ""53949"", ""Best Sellers Rank"": {""Home & Kitchen"": 241975, ""Coffee Machines"": 336}, ""Date First Available"": ""April 24, 2021""}",,,,,,10,False,False,False
